cik_num,date,doc_link,filings,html_link,inter_link,sic_num,xbrl_link
0001326380,2019-04-24,https://www.sec.gov/Archives/edgar/data/1326380/000132638019000065/0001326380-19-000065-index.htm,8-K,,N/A,5734,N/A
0001326380,2019-04-15,https://www.sec.gov/Archives/edgar/data/1326380/000119312519106755/0001193125-19-106755-index.htm,S-8,,N/A,5734,N/A
0001326380,2019-04-05,https://www.sec.gov/Archives/edgar/data/1326380/000132638019000055/0001326380-19-000055-index.htm,8-K,,N/A,5734,N/A
0001326380,2019-04-02,https://www.sec.gov/Archives/edgar/data/1326380/000132638019000052/0001326380-19-000052-index.htm,10-K,https://www.sec.gov/Archives/edgar/data/1326380/000132638019000052/a10k-fy18q4.htm,https://www.sec.gov/cgi-bin/viewer?action=view&cik=1326380&accession_number=0001326380-19-000052&xbrl_type=v,5734,https://www.sec.gov/Archives/edgar/data/1326380/000132638019000052/gme-20190202.xml
0001326380,2019-04-02,https://www.sec.gov/Archives/edgar/data/1326380/000132638019000051/0001326380-19-000051-index.htm,8-K,,N/A,5734,N/A
0001326380,2019-04-01,https://www.sec.gov/Archives/edgar/data/1326380/000132638019000043/0001326380-19-000043-index.htm,8-K,,N/A,5734,N/A
0001326380,2019-03-29,https://www.sec.gov/Archives/edgar/data/1326380/000132638019000041/0001326380-19-000041-index.htm,8-K,,N/A,5734,N/A
0001326380,2019-03-28,https://www.sec.gov/Archives/edgar/data/1326380/000092189519000922/0000921895-19-000922-index.htm,DFAN14A,,N/A,5734,N/A
0001326380,2019-03-21,https://www.sec.gov/Archives/edgar/data/1326380/000132638019000030/0001326380-19-000030-index.htm,8-K,,N/A,5734,N/A
0001326380,2019-03-14,https://www.sec.gov/Archives/edgar/data/1326380/000092189519000738/0000921895-19-000738-index.htm,DFAN14A,,N/A,5734,N/A
0001326380,2019-03-06,https://www.sec.gov/Archives/edgar/data/1326380/000132638019000026/0001326380-19-000026-index.htm,8-K,,N/A,5734,N/A
0001326380,2019-03-04,https://www.sec.gov/Archives/edgar/data/1326380/000132638019000024/0001326380-19-000024-index.htm,8-K,,N/A,5734,N/A
0000315066,2019-02-13,https://www.sec.gov/Archives/edgar/data/1326380/000031506619001099/0000315066-19-001099-index.htm,SC 13G/A,,N/A,0000,N/A
N/A,2019-02-11,https://www.sec.gov/Archives/edgar/data/1326380/000093247119004669/0000932471-19-004669-index.htm,SC 13G/A,,N/A,N/A,N/A
0000354204,2019-02-08,https://www.sec.gov/Archives/edgar/data/1326380/000125889719001551/0001258897-19-001551-index.htm,SC 13G/A,,N/A,0000,N/A
0001326380,2019-01-29,https://www.sec.gov/Archives/edgar/data/1326380/000132638019000011/0001326380-19-000011-index.htm,8-K,,N/A,5734,N/A
0001326380,2019-01-28,https://www.sec.gov/Archives/edgar/data/1326380/000021545719001560/0000215457-19-001560-index.htm,SC 13G/A,,N/A,5734,N/A
0001326380,2019-01-23,https://www.sec.gov/Archives/edgar/data/1326380/000132638019000007/0001326380-19-000007-index.htm,8-K,,N/A,5734,N/A
0001326380,2019-01-18,https://www.sec.gov/Archives/edgar/data/1326380/000132638019000002/0001326380-19-000002-index.htm,8-K,,N/A,5734,N/A
0001326380,2018-12-12,https://www.sec.gov/Archives/edgar/data/1326380/000132638018000124/0001326380-18-000124-index.htm,8-K,,N/A,5734,N/A
0001326380,2018-12-11,https://www.sec.gov/Archives/edgar/data/1326380/000132638018000122/0001326380-18-000122-index.htm,10-Q,https://www.sec.gov/Archives/edgar/data/1326380/000132638018000122/a10q-fy18q3.htm,https://www.sec.gov/cgi-bin/viewer?action=view&cik=1326380&accession_number=0001326380-18-000122&xbrl_type=v,5734,https://www.sec.gov/Archives/edgar/data/1326380/000132638018000122/gme-20181103.xml
N/A,2018-12-10,https://www.sec.gov/Archives/edgar/data/1326380/000093247118007713/0000932471-18-007713-index.htm,SC 13G/A,,N/A,N/A,N/A
0001326380,2018-11-29,https://www.sec.gov/Archives/edgar/data/1326380/000132638018000120/0001326380-18-000120-index.htm,8-K,,N/A,5734,N/A
0001326380,2018-11-21,https://www.sec.gov/Archives/edgar/data/1326380/000132638018000116/0001326380-18-000116-index.htm,8-K,,N/A,5734,N/A
0001326380,2018-09-11,https://www.sec.gov/Archives/edgar/data/1326380/000132638018000113/0001326380-18-000113-index.htm,10-Q,https://www.sec.gov/Archives/edgar/data/1326380/000132638018000113/a10q-fy18q2.htm,https://www.sec.gov/cgi-bin/viewer?action=view&cik=1326380&accession_number=0001326380-18-000113&xbrl_type=v,5734,https://www.sec.gov/Archives/edgar/data/1326380/000132638018000113/gme-20180804.xml
0001326380,2018-09-06,https://www.sec.gov/Archives/edgar/data/1326380/000132638018000109/0001326380-18-000109-index.htm,8-K,,N/A,5734,N/A
0001326380,2018-08-16,https://www.sec.gov/Archives/edgar/data/1326380/000132638018000096/0001326380-18-000096-index.htm,8-K,,N/A,5734,N/A
0001326380,2018-08-07,https://www.sec.gov/Archives/edgar/data/1326380/000000000018024391/0000000000-18-024391-index.htm,UPLOAD,,N/A,5734,N/A
0001326380,2018-08-03,https://www.sec.gov/Archives/edgar/data/1326380/000132638018000093/0001326380-18-000093-index.htm,CORRESP,,N/A,5734,N/A
0001326380,2018-07-23,https://www.sec.gov/Archives/edgar/data/1326380/000000000018022398/0000000000-18-022398-index.htm,UPLOAD,,N/A,5734,N/A
0001326380,2018-07-10,https://www.sec.gov/Archives/edgar/data/1326380/000021545718005796/0000215457-18-005796-index.htm,SC 13G/A,,N/A,5734,N/A
0001326380,2018-06-29,https://www.sec.gov/Archives/edgar/data/1326380/000132638018000091/0001326380-18-000091-index.htm,8-K,,N/A,5734,N/A
0001326380,2018-06-25,https://www.sec.gov/Archives/edgar/data/1326380/000132638018000077/0001326380-18-000077-index.htm,CORRESP,,N/A,5734,N/A
0001326380,2018-06-12,https://www.sec.gov/Archives/edgar/data/1326380/000000000018018025/0000000000-18-018025-index.htm,UPLOAD,,N/A,5734,N/A
0001326380,2018-06-12,https://www.sec.gov/Archives/edgar/data/1326380/000132638018000075/0001326380-18-000075-index.htm,10-Q,https://www.sec.gov/Archives/edgar/data/1326380/000132638018000075/a10q-fy18q1.htm,https://www.sec.gov/cgi-bin/viewer?action=view&cik=1326380&accession_number=0001326380-18-000075&xbrl_type=v,5734,https://www.sec.gov/Archives/edgar/data/1326380/000132638018000075/gme-20180505.xml
0001326380,2018-06-04,https://www.sec.gov/Archives/edgar/data/1326380/000132638018000067/0001326380-18-000067-index.htm,8-K,,N/A,5734,N/A
0001326380,2018-05-31,https://www.sec.gov/Archives/edgar/data/1326380/000132638018000064/0001326380-18-000064-index.htm,DEFA14A,,N/A,5734,N/A
0001326380,2018-05-31,https://www.sec.gov/Archives/edgar/data/1326380/000132638018000063/0001326380-18-000063-index.htm,8-K,,N/A,5734,N/A
0001326380,2018-05-30,https://www.sec.gov/Archives/edgar/data/1326380/000132638018000056/0001326380-18-000056-index.htm,SD,,N/A,5734,N/A
0001326380,2018-05-16,https://www.sec.gov/Archives/edgar/data/1326380/000132638018000053/0001326380-18-000053-index.htm,DEFA14A,,N/A,5734,N/A
0001326380,2018-05-16,https://www.sec.gov/Archives/edgar/data/1326380/000132638018000052/0001326380-18-000052-index.htm,DEF 14A,,N/A,5734,N/A
0001326380,2018-05-11,https://www.sec.gov/Archives/edgar/data/1326380/000132638018000048/0001326380-18-000048-index.htm,8-K,,N/A,5734,N/A
0001326380,2018-04-02,https://www.sec.gov/Archives/edgar/data/1326380/000132638018000033/0001326380-18-000033-index.htm,10-K,https://www.sec.gov/Archives/edgar/data/1326380/000132638018000033/a10k-fy17q4.htm,https://www.sec.gov/cgi-bin/viewer?action=view&cik=1326380&accession_number=0001326380-18-000033&xbrl_type=v,5734,https://www.sec.gov/Archives/edgar/data/1326380/000132638018000033/gme-20180203.xml
0001326380,2018-03-28,https://www.sec.gov/Archives/edgar/data/1326380/000132638018000030/0001326380-18-000030-index.htm,8-K,,N/A,5734,N/A
0001326380,2018-03-06,https://www.sec.gov/Archives/edgar/data/1326380/000132638018000026/0001326380-18-000026-index.htm,8-K,,N/A,5734,N/A
0000315066,2018-02-13,https://www.sec.gov/Archives/edgar/data/1326380/000031506618001270/0000315066-18-001270-index.htm,SC 13G/A,,N/A,0000,N/A
N/A,2018-02-12,https://www.sec.gov/Archives/edgar/data/1326380/000093247118004904/0000932471-18-004904-index.htm,SC 13G/A,,N/A,N/A,N/A
0000354204,2018-02-09,https://www.sec.gov/Archives/edgar/data/1326380/000125889718001558/0001258897-18-001558-index.htm,SC 13G,,N/A,0000,N/A
0001326380,2018-02-09,https://www.sec.gov/Archives/edgar/data/1326380/000132638018000012/0001326380-18-000012-index.htm,8-K,,N/A,5734,N/A
0001326380,2018-02-06,https://www.sec.gov/Archives/edgar/data/1326380/000132638018000010/0001326380-18-000010-index.htm,8-K,,N/A,5734,N/A
N/A,2018-02-06,https://www.sec.gov/Archives/edgar/data/1326380/000103342718000023/0001033427-18-000023-index.htm,SC 13G/A,,N/A,N/A,N/A
0001326380,2018-02-05,https://www.sec.gov/Archives/edgar/data/1326380/000132638018000007/0001326380-18-000007-index.htm,8-K,,N/A,5734,N/A
0001326380,2018-01-25,https://www.sec.gov/Archives/edgar/data/1326380/000021545718002908/0000215457-18-002908-index.htm,SC 13G/A,,N/A,5734,N/A
0001326380,2018-01-12,https://www.sec.gov/Archives/edgar/data/1326380/000132638018000003/0001326380-18-000003-index.htm,8-K,,N/A,5734,N/A
0001326380,2017-12-21,https://www.sec.gov/Archives/edgar/data/1326380/000132638017000130/0001326380-17-000130-index.htm,8-K/A,,N/A,5734,N/A
0001326380,2017-12-05,https://www.sec.gov/Archives/edgar/data/1326380/000132638017000127/0001326380-17-000127-index.htm,10-Q,https://www.sec.gov/Archives/edgar/data/1326380/000132638017000127/a10q-fy17q3.htm,https://www.sec.gov/cgi-bin/viewer?action=view&cik=1326380&accession_number=0001326380-17-000127&xbrl_type=v,5734,https://www.sec.gov/Archives/edgar/data/1326380/000132638017000127/gme-20171028.xml
0001326380,2017-11-21,https://www.sec.gov/Archives/edgar/data/1326380/000132638017000116/0001326380-17-000116-index.htm,8-K,,N/A,5734,N/A
0001326380,2017-11-21,https://www.sec.gov/Archives/edgar/data/1326380/000132638017000115/0001326380-17-000115-index.htm,8-K,,N/A,5734,N/A
0001326380,2017-11-14,https://www.sec.gov/Archives/edgar/data/1326380/000132638017000108/0001326380-17-000108-index.htm,8-K,,N/A,5734,N/A
0001326380,2017-09-06,https://www.sec.gov/Archives/edgar/data/1326380/000132638017000106/0001326380-17-000106-index.htm,10-Q,https://www.sec.gov/Archives/edgar/data/1326380/000132638017000106/a10q-fy17q2.htm,https://www.sec.gov/cgi-bin/viewer?action=view&cik=1326380&accession_number=0001326380-17-000106&xbrl_type=v,5734,https://www.sec.gov/Archives/edgar/data/1326380/000132638017000106/gme-20170729.xml
0001326380,2017-08-24,https://www.sec.gov/Archives/edgar/data/1326380/000132638017000102/0001326380-17-000102-index.htm,8-K,,N/A,5734,N/A
0001326380,2017-06-30,https://www.sec.gov/Archives/edgar/data/1326380/000132638017000097/0001326380-17-000097-index.htm,8-K,,N/A,5734,N/A
0001326380,2017-06-06,https://www.sec.gov/Archives/edgar/data/1326380/000132638017000078/0001326380-17-000078-index.htm,10-Q,https://www.sec.gov/Archives/edgar/data/1326380/000132638017000078/a10q-fy17q1.htm,https://www.sec.gov/cgi-bin/viewer?action=view&cik=1326380&accession_number=0001326380-17-000078&xbrl_type=v,5734,https://www.sec.gov/Archives/edgar/data/1326380/000132638017000078/gme-20170429.xml
0001326380,2017-05-26,https://www.sec.gov/Archives/edgar/data/1326380/000132638017000075/0001326380-17-000075-index.htm,SD,,N/A,5734,N/A
0001326380,2017-05-25,https://www.sec.gov/Archives/edgar/data/1326380/000132638017000071/0001326380-17-000071-index.htm,8-K,,N/A,5734,N/A
0001326380,2017-05-12,https://www.sec.gov/Archives/edgar/data/1326380/000132638017000069/0001326380-17-000069-index.htm,DEFA14A,,N/A,5734,N/A
0001326380,2017-05-12,https://www.sec.gov/Archives/edgar/data/1326380/000132638017000068/0001326380-17-000068-index.htm,DEF 14A,,N/A,5734,N/A
0001326380,2017-04-28,https://www.sec.gov/Archives/edgar/data/1326380/000132638017000065/0001326380-17-000065-index.htm,PRE 14A,,N/A,5734,N/A
0001326380,2017-03-27,https://www.sec.gov/Archives/edgar/data/1326380/000132638017000046/0001326380-17-000046-index.htm,10-K,https://www.sec.gov/Archives/edgar/data/1326380/000132638017000046/a10k-fy16q4.htm,https://www.sec.gov/cgi-bin/viewer?action=view&cik=1326380&accession_number=0001326380-17-000046&xbrl_type=v,5734,https://www.sec.gov/Archives/edgar/data/1326380/000132638017000046/gme-20170128.xml
0001326380,2017-03-23,https://www.sec.gov/Archives/edgar/data/1326380/000132638017000043/0001326380-17-000043-index.htm,8-K,,N/A,5734,N/A
0001326380,2017-03-06,https://www.sec.gov/Archives/edgar/data/1326380/000132638017000012/0001326380-17-000012-index.htm,8-K,,N/A,5734,N/A
0001326380,2017-03-01,https://www.sec.gov/Archives/edgar/data/1326380/000132638017000010/0001326380-17-000010-index.htm,8-K,,N/A,5734,N/A
0000315066,2017-02-14,https://www.sec.gov/Archives/edgar/data/1326380/000031506617001695/0000315066-17-001695-index.htm,SC 13G/A,,N/A,0000,N/A
N/A,2017-02-13,https://www.sec.gov/Archives/edgar/data/1326380/000093247117002525/0000932471-17-002525-index.htm,SC 13G/A,,N/A,N/A,N/A
0000005272,2017-02-10,https://www.sec.gov/Archives/edgar/data/1326380/000119312517038421/0001193125-17-038421-index.htm,SC 13G/A,,N/A,6331,N/A
0001109448,2017-02-10,https://www.sec.gov/Archives/edgar/data/1326380/000153215517000086/0001532155-17-000086-index.htm,SC 13G/A,,N/A,6282,N/A
N/A,2017-02-02,https://www.sec.gov/Archives/edgar/data/1326380/000103342717000034/0001033427-17-000034-index.htm,SC 13G,,N/A,N/A,N/A
0001326380,2017-01-24,https://www.sec.gov/Archives/edgar/data/1326380/000035348017000697/0000353480-17-000697-index.htm,SC 13G/A,,N/A,5734,N/A
0001326380,2017-01-13,https://www.sec.gov/Archives/edgar/data/1326380/000132638017000003/0001326380-17-000003-index.htm,8-K,,N/A,5734,N/A
0001326380,2016-12-06,https://www.sec.gov/Archives/edgar/data/1326380/000132638016000419/0001326380-16-000419-index.htm,10-Q,https://www.sec.gov/Archives/edgar/data/1326380/000132638016000419/a10q-fy16q3.htm,https://www.sec.gov/cgi-bin/viewer?action=view&cik=1326380&accession_number=0001326380-16-000419&xbrl_type=v,5734,https://www.sec.gov/Archives/edgar/data/1326380/000132638016000419/gme-20161029.xml
0001326380,2016-11-22,https://www.sec.gov/Archives/edgar/data/1326380/000132638016000415/0001326380-16-000415-index.htm,8-K,,N/A,5734,N/A
0001326380,2016-11-02,https://www.sec.gov/Archives/edgar/data/1326380/000132638016000412/0001326380-16-000412-index.htm,8-K,,N/A,5734,N/A
0001326380,2016-09-07,https://www.sec.gov/Archives/edgar/data/1326380/000132638016000406/0001326380-16-000406-index.htm,10-Q,https://www.sec.gov/Archives/edgar/data/1326380/000132638016000406/a10q-fy16q2.htm,https://www.sec.gov/cgi-bin/viewer?action=view&cik=1326380&accession_number=0001326380-16-000406&xbrl_type=v,5734,https://www.sec.gov/Archives/edgar/data/1326380/000132638016000406/gme-20160730.xml
0001326380,2016-09-06,https://www.sec.gov/Archives/edgar/data/1326380/000000000016091517/0000000000-16-091517-index.htm,UPLOAD,,N/A,5734,N/A
0001326380,2016-08-25,https://www.sec.gov/Archives/edgar/data/1326380/000132638016000402/0001326380-16-000402-index.htm,8-K,,N/A,5734,N/A
0001326380,2016-08-15,https://www.sec.gov/Archives/edgar/data/1326380/000132638016000399/0001326380-16-000399-index.htm,CORRESP,,N/A,5734,N/A
0001326380,2016-07-21,https://www.sec.gov/Archives/edgar/data/1326380/000132638016000397/0001326380-16-000397-index.htm,CORRESP,,N/A,5734,N/A
0001326380,2016-07-19,https://www.sec.gov/Archives/edgar/data/1326380/000000000016084940/0000000000-16-084940-index.htm,UPLOAD,,N/A,5734,N/A
0001326380,2016-06-24,https://www.sec.gov/Archives/edgar/data/1326380/000132638016000392/0001326380-16-000392-index.htm,8-K,,N/A,5734,N/A
0001326380,2016-06-07,https://www.sec.gov/Archives/edgar/data/1326380/000132638016000366/0001326380-16-000366-index.htm,10-Q,https://www.sec.gov/Archives/edgar/data/1326380/000132638016000366/a10q-fy16q1.htm,https://www.sec.gov/cgi-bin/viewer?action=view&cik=1326380&accession_number=0001326380-16-000366&xbrl_type=v,5734,https://www.sec.gov/Archives/edgar/data/1326380/000132638016000366/gme-20160430.xml
0001326380,2016-05-27,https://www.sec.gov/Archives/edgar/data/1326380/000132638016000361/0001326380-16-000361-index.htm,SD,,N/A,5734,N/A
0001326380,2016-05-26,https://www.sec.gov/Archives/edgar/data/1326380/000132638016000358/0001326380-16-000358-index.htm,8-K,,N/A,5734,N/A
0001326380,2016-05-06,https://www.sec.gov/Archives/edgar/data/1326380/000132638016000355/0001326380-16-000355-index.htm,DEF 14A,,N/A,5734,N/A
0001326380,2016-05-02,https://www.sec.gov/Archives/edgar/data/1326380/000132638016000351/0001326380-16-000351-index.htm,8-K,,N/A,5734,N/A
0001326380,2016-04-22,https://www.sec.gov/Archives/edgar/data/1326380/000132638016000348/0001326380-16-000348-index.htm,PRE 14A,,N/A,5734,N/A
0001326380,2016-03-29,https://www.sec.gov/Archives/edgar/data/1326380/000132638016000323/0001326380-16-000323-index.htm,10-K/A,https://www.sec.gov/Archives/edgar/data/1326380/000132638016000323/a10ka-fy15q4.htm,https://www.sec.gov/cgi-bin/viewer?action=view&cik=1326380&accession_number=0001326380-16-000323&xbrl_type=v,5734,https://www.sec.gov/Archives/edgar/data/1326380/000132638016000323/gme-20160130.xml
0001326380,2016-03-28,https://www.sec.gov/Archives/edgar/data/1326380/000132638016000320/0001326380-16-000320-index.htm,10-K,https://www.sec.gov/Archives/edgar/data/1326380/000132638016000320/a10k-fy15q4.htm,https://www.sec.gov/cgi-bin/viewer?action=view&cik=1326380&accession_number=0001326380-16-000320&xbrl_type=v,5734,https://www.sec.gov/Archives/edgar/data/1326380/000132638016000320/gme-20160130.xml
0001326380,2016-03-28,https://www.sec.gov/Archives/edgar/data/1326380/000132638016000316/0001326380-16-000316-index.htm,8-K,,N/A,5734,N/A
0001326380,2016-03-24,https://www.sec.gov/Archives/edgar/data/1326380/000132638016000314/0001326380-16-000314-index.htm,8-K,,N/A,5734,N/A
0001326380,2016-03-09,https://www.sec.gov/Archives/edgar/data/1326380/000132638016000311/0001326380-16-000311-index.htm,8-K,,N/A,5734,N/A
0001326380,2016-03-02,https://www.sec.gov/Archives/edgar/data/1326380/000132638016000273/0001326380-16-000273-index.htm,8-K,,N/A,5734,N/A
0001326380,2016-02-24,https://www.sec.gov/Archives/edgar/data/1326380/000132638016000241/0001326380-16-000241-index.htm,8-K,,N/A,5734,N/A
0001326380,2016-02-23,https://www.sec.gov/Archives/edgar/data/1326380/000132638016000239/0001326380-16-000239-index.htm,8-K,,N/A,5734,N/A
0000093751,2016-02-22,https://www.sec.gov/Archives/edgar/data/1326380/000009375116000519/0000093751-16-000519-index.htm,SC 13G/A,,N/A,6022,N/A
0001109448,2016-02-16,https://www.sec.gov/Archives/edgar/data/1326380/000153215516000167/0001532155-16-000167-index.htm,SC 13G/A,,N/A,6282,N/A
0001326380,2016-02-12,https://www.sec.gov/Archives/edgar/data/1326380/000142284916000608/0001422849-16-000608-index.htm,SC 13G/A,,N/A,5734,N/A
0000315066,2016-02-12,https://www.sec.gov/Archives/edgar/data/1326380/000031506616005088/0000315066-16-005088-index.htm,SC 13G/A,,N/A,0000,N/A
0000005272,2016-02-11,https://www.sec.gov/Archives/edgar/data/1326380/000119312516460037/0001193125-16-460037-index.htm,SC 13G/A,,N/A,6331,N/A
N/A,2016-02-10,https://www.sec.gov/Archives/edgar/data/1326380/000093247116011131/0000932471-16-011131-index.htm,SC 13G/A,,N/A,N/A,N/A
0001326380,2016-02-10,https://www.sec.gov/Archives/edgar/data/1326380/000021545716005585/0000215457-16-005585-index.htm,SC 13G/A,,N/A,5734,N/A
0001326380,2016-01-12,https://www.sec.gov/Archives/edgar/data/1326380/000132638016000233/0001326380-16-000233-index.htm,8-K,,N/A,5734,N/A
0001326380,2015-12-08,https://www.sec.gov/Archives/edgar/data/1326380/000132638015000229/0001326380-15-000229-index.htm,10-Q,https://www.sec.gov/Archives/edgar/data/1326380/000132638015000229/a10q-fy15q3.htm,https://www.sec.gov/cgi-bin/viewer?action=view&cik=1326380&accession_number=0001326380-15-000229&xbrl_type=v,5734,https://www.sec.gov/Archives/edgar/data/1326380/000132638015000229/gme-20151031.xml
0001326380,2015-11-23,https://www.sec.gov/Archives/edgar/data/1326380/000132638015000223/0001326380-15-000223-index.htm,8-K,,N/A,5734,N/A
0001326380,2015-11-04,https://www.sec.gov/Archives/edgar/data/1326380/000000000015052776/0000000000-15-052776-index.htm,UPLOAD,,N/A,5734,N/A
0001326380,2015-10-27,https://www.sec.gov/Archives/edgar/data/1326380/000132638015000220/0001326380-15-000220-index.htm,CORRESP,,N/A,5734,N/A
0001326380,2015-09-30,https://www.sec.gov/Archives/edgar/data/1326380/000132638015000197/0001326380-15-000197-index.htm,CORRESP,,N/A,5734,N/A
0001326380,2015-09-29,https://www.sec.gov/Archives/edgar/data/1326380/000000000015047677/0000000000-15-047677-index.htm,UPLOAD,,N/A,5734,N/A
0001326380,2015-09-09,https://www.sec.gov/Archives/edgar/data/1326380/000132638015000178/0001326380-15-000178-index.htm,10-Q,https://www.sec.gov/Archives/edgar/data/1326380/000132638015000178/form10q-fy15q2.htm,https://www.sec.gov/cgi-bin/viewer?action=view&cik=1326380&accession_number=0001326380-15-000178&xbrl_type=v,5734,https://www.sec.gov/Archives/edgar/data/1326380/000132638015000178/gme-20150801.xml
0001326380,2015-08-27,https://www.sec.gov/Archives/edgar/data/1326380/000132638015000174/0001326380-15-000174-index.htm,8-K,,N/A,5734,N/A
0001326380,2015-07-17,https://www.sec.gov/Archives/edgar/data/1326380/000132638015000165/0001326380-15-000165-index.htm,8-K,,N/A,5734,N/A
0001096199,2015-07-17,https://www.sec.gov/Archives/edgar/data/1326380/000132638015000160/0001326380-15-000160-index.htm,SC TO-T/A,,N/A,5990,N/A
0001096199,2015-07-14,https://www.sec.gov/Archives/edgar/data/1326380/000132638015000152/0001326380-15-000152-index.htm,SC TO-T/A,,N/A,5990,N/A
0001096199,2015-07-07,https://www.sec.gov/Archives/edgar/data/1326380/000132638015000147/0001326380-15-000147-index.htm,SC TO-T/A,,N/A,5990,N/A
0001326380,2015-06-29,https://www.sec.gov/Archives/edgar/data/1326380/000132638015000142/0001326380-15-000142-index.htm,8-K,,N/A,5734,N/A
0001096199,2015-06-15,https://www.sec.gov/Archives/edgar/data/1326380/000119312515222730/0001193125-15-222730-index.htm,SC TO-T,,N/A,5990,N/A
0001096199,2015-06-09,https://www.sec.gov/Archives/edgar/data/1326380/000132638015000120/0001326380-15-000120-index.htm,SC 13D,,N/A,5990,N/A
0001326380,2015-06-09,https://www.sec.gov/Archives/edgar/data/1326380/000132638015000118/0001326380-15-000118-index.htm,10-Q,https://www.sec.gov/Archives/edgar/data/1326380/000132638015000118/form10q-fy15q1.htm,https://www.sec.gov/cgi-bin/viewer?action=view&cik=1326380&accession_number=0001326380-15-000118&xbrl_type=v,5734,https://www.sec.gov/Archives/edgar/data/1326380/000132638015000118/gme-20150502.xml
0001326380,2015-06-02,https://www.sec.gov/Archives/edgar/data/1326380/000132638015000113/0001326380-15-000113-index.htm,8-K,,N/A,5734,N/A
0001096199,2015-06-02,https://www.sec.gov/Archives/edgar/data/1326380/000132638015000111/0001326380-15-000111-index.htm,SC TO-C,,N/A,5990,N/A
0001326380,2015-05-28,https://www.sec.gov/Archives/edgar/data/1326380/000132638015000109/0001326380-15-000109-index.htm,8-K,,N/A,5734,N/A
0001326380,2015-05-08,https://www.sec.gov/Archives/edgar/data/1326380/000132638015000104/0001326380-15-000104-index.htm,DEFA14A,,N/A,5734,N/A
0001326380,2015-05-08,https://www.sec.gov/Archives/edgar/data/1326380/000132638015000102/0001326380-15-000102-index.htm,DEF 14A,,N/A,5734,N/A
0001326380,2015-03-30,https://www.sec.gov/Archives/edgar/data/1326380/000132638015000078/0001326380-15-000078-index.htm,10-K,https://www.sec.gov/Archives/edgar/data/1326380/000132638015000078/form10k-fy14.htm,https://www.sec.gov/cgi-bin/viewer?action=view&cik=1326380&accession_number=0001326380-15-000078&xbrl_type=v,5734,https://www.sec.gov/Archives/edgar/data/1326380/000132638015000078/gme-20150131.xml
0001326380,2015-03-26,https://www.sec.gov/Archives/edgar/data/1326380/000132638015000075/0001326380-15-000075-index.htm,8-K,,N/A,5734,N/A
0001326380,2015-03-09,https://www.sec.gov/Archives/edgar/data/1326380/000132638015000056/0001326380-15-000056-index.htm,8-K,,N/A,5734,N/A
0001326380,2015-03-03,https://www.sec.gov/Archives/edgar/data/1326380/000132638015000053/0001326380-15-000053-index.htm,8-K,,N/A,5734,N/A
0001326380,2015-02-13,https://www.sec.gov/Archives/edgar/data/1326380/000142284915000229/0001422849-15-000229-index.htm,SC 13G,,N/A,5734,N/A
0000005272,2015-02-13,https://www.sec.gov/Archives/edgar/data/1326380/000119312515049686/0001193125-15-049686-index.htm,SC 13G,,N/A,6331,N/A
0000315066,2015-02-13,https://www.sec.gov/Archives/edgar/data/1326380/000031506615001971/0000315066-15-001971-index.htm,SC 13G/A,,N/A,0000,N/A
0000093751,2015-02-12,https://www.sec.gov/Archives/edgar/data/1326380/000151905815000131/0001519058-15-000131-index.htm,SC 13G,,N/A,6022,N/A
N/A,2015-02-10,https://www.sec.gov/Archives/edgar/data/1326380/000093247115003975/0000932471-15-003975-index.htm,SC 13G/A,,N/A,N/A,N/A
0001326380,2015-02-09,https://www.sec.gov/Archives/edgar/data/1326380/000021545715000196/0000215457-15-000196-index.htm,SC 13G/A,,N/A,5734,N/A
0001326380,2015-01-15,https://www.sec.gov/Archives/edgar/data/1326380/000132638015000007/0001326380-15-000007-index.htm,8-K,,N/A,5734,N/A
0001326380,2015-01-13,https://www.sec.gov/Archives/edgar/data/1326380/000132638015000004/0001326380-15-000004-index.htm,8-K,,N/A,5734,N/A
0001326380,2014-12-10,https://www.sec.gov/Archives/edgar/data/1326380/000132638014000007/0001326380-14-000007-index.htm,10-Q,https://www.sec.gov/Archives/edgar/data/1326380/000132638014000007/a10q-fy14q3.htm,https://www.sec.gov/cgi-bin/viewer?action=view&cik=1326380&accession_number=0001326380-14-000007&xbrl_type=v,5734,https://www.sec.gov/Archives/edgar/data/1326380/000132638014000007/gme-20141101.xml
0001326380,2014-11-21,https://www.sec.gov/Archives/edgar/data/1326380/000000000014059186/0000000000-14-059186-index.htm,UPLOAD,,N/A,5734,N/A
0001326380,2014-11-20,https://www.sec.gov/Archives/edgar/data/1326380/000115752314004636/0001157523-14-004636-index.htm,8-K,,N/A,5734,N/A
0001326380,2014-11-12,https://www.sec.gov/Archives/edgar/data/1326380/000132638014000004/0001326380-14-000004-index.htm,8-K,,N/A,5734,N/A
0001326380,2014-10-29,https://www.sec.gov/Archives/edgar/data/1326380/000144530514004558/0001445305-14-004558-index.htm,CORRESP,,N/A,5734,N/A
0001326380,2014-10-29,https://www.sec.gov/Archives/edgar/data/1326380/000144530514004537/0001445305-14-004537-index.htm,15-12B,,N/A,5734,N/A
0001326380,2014-10-29,https://www.sec.gov/Archives/edgar/data/1326380/000144530514004535/0001445305-14-004535-index.htm,25,,N/A,5734,N/A
0001326380,2014-10-29,https://www.sec.gov/Archives/edgar/data/1326380/000144530514004533/0001445305-14-004533-index.htm,8-A12B/A,,N/A,5734,N/A
0001326380,2014-10-29,https://www.sec.gov/Archives/edgar/data/1326380/000144530514004531/0001445305-14-004531-index.htm,8-K,,N/A,5734,N/A
0001326380,2014-10-01,https://www.sec.gov/Archives/edgar/data/1326380/000144530514004222/0001445305-14-004222-index.htm,CORRESP,,N/A,5734,N/A
0001326380,2014-09-30,https://www.sec.gov/Archives/edgar/data/1326380/000000000014048901/0000000000-14-048901-index.htm,UPLOAD,,N/A,5734,N/A
0001326380,2014-09-24,https://www.sec.gov/Archives/edgar/data/1326380/000144530514004080/0001445305-14-004080-index.htm,8-K,,N/A,5734,N/A
0001326380,2014-09-16,https://www.sec.gov/Archives/edgar/data/1326380/000119312514342669/0001193125-14-342669-index.htm,8-K,,N/A,5734,N/A
0001326380,2014-09-08,https://www.sec.gov/Archives/edgar/data/1326380/000144530514003873/0001445305-14-003873-index.htm,10-Q,https://www.sec.gov/Archives/edgar/data/1326380/000144530514003873/a10q-fy14q2.htm,https://www.sec.gov/cgi-bin/viewer?action=view&cik=1326380&accession_number=0001445305-14-003873&xbrl_type=v,5734,https://www.sec.gov/Archives/edgar/data/1326380/000144530514003873/gme-20140802.xml
0001326380,2014-08-21,https://www.sec.gov/Archives/edgar/data/1326380/000115752314003543/0001157523-14-003543-index.htm,8-K,,N/A,5734,N/A
0001326380,2014-08-19,https://www.sec.gov/Archives/edgar/data/1326380/000144530514003749/0001445305-14-003749-index.htm,8-K,,N/A,5734,N/A
0001326380,2014-06-26,https://www.sec.gov/Archives/edgar/data/1326380/000144530514002681/0001445305-14-002681-index.htm,8-K,,N/A,5734,N/A
0001326380,2014-06-12,https://www.sec.gov/Archives/edgar/data/1326380/000144530514002574/0001445305-14-002574-index.htm,10-Q,https://www.sec.gov/Archives/edgar/data/1326380/000144530514002574/a10q-fy14q1.htm,https://www.sec.gov/cgi-bin/viewer?action=view&cik=1326380&accession_number=0001445305-14-002574&xbrl_type=v,5734,https://www.sec.gov/Archives/edgar/data/1326380/000144530514002574/gme-20140503.xml
0001326380,2014-05-22,https://www.sec.gov/Archives/edgar/data/1326380/000115752314002287/0001157523-14-002287-index.htm,8-K,,N/A,5734,N/A
0001326380,2014-05-09,https://www.sec.gov/Archives/edgar/data/1326380/000144530514002044/0001445305-14-002044-index.htm,DEFA14A,,N/A,5734,N/A
0001326380,2014-05-09,https://www.sec.gov/Archives/edgar/data/1326380/000144530514002042/0001445305-14-002042-index.htm,DEF 14A,,N/A,5734,N/A
0001326380,2014-04-02,https://www.sec.gov/Archives/edgar/data/1326380/000144530514001259/0001445305-14-001259-index.htm,10-K,https://www.sec.gov/Archives/edgar/data/1326380/000144530514001259/a10k-fy13q4.htm,https://www.sec.gov/cgi-bin/viewer?action=view&cik=1326380&accession_number=0001445305-14-001259&xbrl_type=v,5734,https://www.sec.gov/Archives/edgar/data/1326380/000144530514001259/gme-20140201.xml
0001326380,2014-03-28,https://www.sec.gov/Archives/edgar/data/1326380/000119312514121740/0001193125-14-121740-index.htm,8-K,,N/A,5734,N/A
0001326380,2014-03-27,https://www.sec.gov/Archives/edgar/data/1326380/000115752314001213/0001157523-14-001213-index.htm,8-K,,N/A,5734,N/A
0001326380,2014-03-11,https://www.sec.gov/Archives/edgar/data/1326380/000119312514092249/0001193125-14-092249-index.htm,8-K,,N/A,5734,N/A
0001326380,2014-03-04,https://www.sec.gov/Archives/edgar/data/1326380/000115752314000947/0001157523-14-000947-index.htm,8-K,,N/A,5734,N/A
N/A,2014-02-14,https://www.sec.gov/Archives/edgar/data/1326380/000119312514054022/0001193125-14-054022-index.htm,SC 13G/A,,N/A,N/A,N/A
0000315066,2014-02-14,https://www.sec.gov/Archives/edgar/data/1326380/000031506614002156/0000315066-14-002156-index.htm,SC 13G/A,,N/A,0000,N/A
N/A,2014-02-11,https://www.sec.gov/Archives/edgar/data/1326380/000093247114003050/0000932471-14-003050-index.htm,SC 13G/A,,N/A,N/A,N/A
0001326380,2014-01-29,https://www.sec.gov/Archives/edgar/data/1326380/000108636414000892/0001086364-14-000892-index.htm,SC 13G/A,,N/A,5734,N/A
N/A,2014-01-28,https://www.sec.gov/Archives/edgar/data/1326380/000090630414000252/0000906304-14-000252-index.htm,SC 13G/A,,N/A,N/A,N/A
0001326380,2013-12-16,https://www.sec.gov/Archives/edgar/data/1326380/000000000013068231/0000000000-13-068231-index.htm,UPLOAD,,N/A,5734,N/A
0001326380,2013-12-11,https://www.sec.gov/Archives/edgar/data/1326380/000119312513470097/0001193125-13-470097-index.htm,10-Q,https://www.sec.gov/Archives/edgar/data/1326380/000119312513470097/d614242d10q.htm,https://www.sec.gov/cgi-bin/viewer?action=view&cik=1326380&accession_number=0001193125-13-470097&xbrl_type=v,5734,https://www.sec.gov/Archives/edgar/data/1326380/000119312513470097/gme-20131102.xml
0001326380,2013-12-09,https://www.sec.gov/Archives/edgar/data/1326380/000119312513466966/0001193125-13-466966-index.htm,8-K/A,,N/A,5734,N/A
0001326380,2013-12-06,https://www.sec.gov/Archives/edgar/data/1326380/000119312513465478/0001193125-13-465478-index.htm,CORRESP,,N/A,5734,N/A
0001326380,2013-11-21,https://www.sec.gov/Archives/edgar/data/1326380/000115752313005590/0001157523-13-005590-index.htm,8-K,,N/A,5734,N/A
0001326380,2013-11-19,https://www.sec.gov/Archives/edgar/data/1326380/000119312513447199/0001193125-13-447199-index.htm,CORRESP,,N/A,5734,N/A
0001326380,2013-11-15,https://www.sec.gov/Archives/edgar/data/1326380/000119312513444051/0001193125-13-444051-index.htm,8-K,,N/A,5734,N/A
0001326380,2013-11-08,https://www.sec.gov/Archives/edgar/data/1326380/000000000013061597/0000000000-13-061597-index.htm,UPLOAD,,N/A,5734,N/A
0001326380,2013-10-23,https://www.sec.gov/Archives/edgar/data/1326380/000119312513408016/0001193125-13-408016-index.htm,CORRESP,,N/A,5734,N/A
0001326380,2013-10-09,https://www.sec.gov/Archives/edgar/data/1326380/000119312513395422/0001193125-13-395422-index.htm,CORRESP,,N/A,5734,N/A
0001326380,2013-10-02,https://www.sec.gov/Archives/edgar/data/1326380/000000000013054353/0000000000-13-054353-index.htm,UPLOAD,,N/A,5734,N/A
0001326380,2013-09-16,https://www.sec.gov/Archives/edgar/data/1326380/000119312513368043/0001193125-13-368043-index.htm,CORRESP,,N/A,5734,N/A
0001326380,2013-09-11,https://www.sec.gov/Archives/edgar/data/1326380/000119312513364182/0001193125-13-364182-index.htm,10-Q,https://www.sec.gov/Archives/edgar/data/1326380/000119312513364182/d569889d10q.htm,https://www.sec.gov/cgi-bin/viewer?action=view&cik=1326380&accession_number=0001193125-13-364182&xbrl_type=v,5734,https://www.sec.gov/Archives/edgar/data/1326380/000119312513364182/gme-20130803.xml
0001326380,2013-08-22,https://www.sec.gov/Archives/edgar/data/1326380/000115752313004218/0001157523-13-004218-index.htm,8-K,,N/A,5734,N/A
0001326380,2013-08-19,https://www.sec.gov/Archives/edgar/data/1326380/000119312513339727/0001193125-13-339727-index.htm,CORRESP,,N/A,5734,N/A
0001326380,2013-08-16,https://www.sec.gov/Archives/edgar/data/1326380/000000000013045257/0000000000-13-045257-index.htm,UPLOAD,,N/A,5734,N/A
0001326380,2013-07-19,https://www.sec.gov/Archives/edgar/data/1326380/000119312513295743/0001193125-13-295743-index.htm,8-K,,N/A,5734,N/A
0001326380,2013-06-27,https://www.sec.gov/Archives/edgar/data/1326380/000119312513274820/0001193125-13-274820-index.htm,8-K,,N/A,5734,N/A
0001326380,2013-06-17,https://www.sec.gov/Archives/edgar/data/1326380/000119312513261309/0001193125-13-261309-index.htm,8-K,,N/A,5734,N/A
0001326380,2013-06-13,https://www.sec.gov/Archives/edgar/data/1326380/000119312513257876/0001193125-13-257876-index.htm,10-Q,https://www.sec.gov/Archives/edgar/data/1326380/000119312513257876/d521061d10q.htm,https://www.sec.gov/cgi-bin/viewer?action=view&cik=1326380&accession_number=0001193125-13-257876&xbrl_type=v,5734,https://www.sec.gov/Archives/edgar/data/1326380/000119312513257876/gme-20130504.xml
0001326380,2013-05-23,https://www.sec.gov/Archives/edgar/data/1326380/000115752313002872/0001157523-13-002872-index.htm,8-K,,N/A,5734,N/A
0001326380,2013-05-21,https://www.sec.gov/Archives/edgar/data/1326380/000119312513229224/0001193125-13-229224-index.htm,DEF 14A,,N/A,5734,N/A
0001326380,2013-05-13,https://www.sec.gov/Archives/edgar/data/1326380/000095013813000206/0000950138-13-000206-index.htm,8-K,,N/A,5734,N/A
0001326380,2013-05-10,https://www.sec.gov/Archives/edgar/data/1326380/000119312513214513/0001193125-13-214513-index.htm,PRE 14A,,N/A,5734,N/A
0001326380,2013-04-03,https://www.sec.gov/Archives/edgar/data/1326380/000119312513140443/0001193125-13-140443-index.htm,10-K,https://www.sec.gov/Archives/edgar/data/1326380/000119312513140443/d469015d10k.htm,https://www.sec.gov/cgi-bin/viewer?action=view&cik=1326380&accession_number=0001193125-13-140443&xbrl_type=v,5734,https://www.sec.gov/Archives/edgar/data/1326380/000119312513140443/gme-20130202.xml
0001326380,2013-03-28,https://www.sec.gov/Archives/edgar/data/1326380/000115752313001592/0001157523-13-001592-index.htm,8-K,,N/A,5734,N/A
0001326380,2013-03-05,https://www.sec.gov/Archives/edgar/data/1326380/000095013813000096/0000950138-13-000096-index.htm,8-K,,N/A,5734,N/A
0001326380,2013-02-26,https://www.sec.gov/Archives/edgar/data/1326380/000095013813000078/0000950138-13-000078-index.htm,8-K,,N/A,5734,N/A
N/A,2013-02-15,https://www.sec.gov/Archives/edgar/data/1326380/000108525613000034/0001085256-13-000034-index.htm,SC 13G/A,,N/A,N/A,N/A
0000315066,2013-02-14,https://www.sec.gov/Archives/edgar/data/1326380/000031506613002471/0000315066-13-002471-index.htm,SC 13G/A,,N/A,0000,N/A
N/A,2013-02-12,https://www.sec.gov/Archives/edgar/data/1326380/000093247113003716/0000932471-13-003716-index.htm,SC 13G/A,,N/A,N/A,N/A
0001326380,2013-02-08,https://www.sec.gov/Archives/edgar/data/1326380/000130522713000463/0001305227-13-000463-index.htm,SC 13G/A,,N/A,5734,N/A
N/A,2013-01-11,https://www.sec.gov/Archives/edgar/data/1326380/000090630413000091/0000906304-13-000091-index.htm,SC 13G,,N/A,N/A,N/A
0001326380,2012-12-05,https://www.sec.gov/Archives/edgar/data/1326380/000119312512492205/0001193125-12-492205-index.htm,10-Q,https://www.sec.gov/Archives/edgar/data/1326380/000119312512492205/d417598d10q.htm,https://www.sec.gov/cgi-bin/viewer?action=view&cik=1326380&accession_number=0001193125-12-492205&xbrl_type=v,5734,https://www.sec.gov/Archives/edgar/data/1326380/000119312512492205/gme-20121027.xml
0001326380,2012-11-15,https://www.sec.gov/Archives/edgar/data/1326380/000115752312006091/0001157523-12-006091-index.htm,8-K,,N/A,5734,N/A
0001326380,2012-09-05,https://www.sec.gov/Archives/edgar/data/1326380/000119312512381205/0001193125-12-381205-index.htm,10-Q,https://www.sec.gov/Archives/edgar/data/1326380/000119312512381205/d385850d10q.htm,https://www.sec.gov/cgi-bin/viewer?action=view&cik=1326380&accession_number=0001193125-12-381205&xbrl_type=v,5734,https://www.sec.gov/Archives/edgar/data/1326380/000119312512381205/gme-20120728.xml
0001326380,2012-08-16,https://www.sec.gov/Archives/edgar/data/1326380/000115752312004573/0001157523-12-004573-index.htm,8-K,,N/A,5734,N/A
0001326380,2012-07-27,https://www.sec.gov/Archives/edgar/data/1326380/000095013812000351/0000950138-12-000351-index.htm,8-K,,N/A,5734,N/A
0001326380,2012-06-21,https://www.sec.gov/Archives/edgar/data/1326380/000119312512278365/0001193125-12-278365-index.htm,8-K,,N/A,5734,N/A
0001326380,2012-06-06,https://www.sec.gov/Archives/edgar/data/1326380/000119312512262005/0001193125-12-262005-index.htm,10-Q,https://www.sec.gov/Archives/edgar/data/1326380/000119312512262005/d354414d10q.htm,https://www.sec.gov/cgi-bin/viewer?action=view&cik=1326380&accession_number=0001193125-12-262005&xbrl_type=v,5734,https://www.sec.gov/Archives/edgar/data/1326380/000119312512262005/gme-20120428.xml
0001326380,2012-05-17,https://www.sec.gov/Archives/edgar/data/1326380/000115752312002957/0001157523-12-002957-index.htm,8-K,,N/A,5734,N/A
0001326380,2012-05-11,https://www.sec.gov/Archives/edgar/data/1326380/000115752312002821/0001157523-12-002821-index.htm,8-K,,N/A,5734,N/A
0001326380,2012-05-10,https://www.sec.gov/Archives/edgar/data/1326380/000119312512225085/0001193125-12-225085-index.htm,DEFA14A,,N/A,5734,N/A
0001326380,2012-05-10,https://www.sec.gov/Archives/edgar/data/1326380/000119312512225064/0001193125-12-225064-index.htm,DEF 14A,,N/A,5734,N/A
0001326380,2012-04-11,https://www.sec.gov/Archives/edgar/data/1326380/000108636412002323/0001086364-12-002323-index.htm,SC 13G/A,,N/A,5734,N/A
N/A,2012-04-10,https://www.sec.gov/Archives/edgar/data/1326380/000108525612000027/0001085256-12-000027-index.htm,SC 13G/A,,N/A,N/A,N/A
0001326380,2012-03-27,https://www.sec.gov/Archives/edgar/data/1326380/000119312512134615/0001193125-12-134615-index.htm,10-K,https://www.sec.gov/Archives/edgar/data/1326380/000119312512134615/d283661d10k.htm,https://www.sec.gov/cgi-bin/viewer?action=view&cik=1326380&accession_number=0001193125-12-134615&xbrl_type=v,5734,https://www.sec.gov/Archives/edgar/data/1326380/000119312512134615/gme-20120128.xml
0001326380,2012-03-26,https://www.sec.gov/Archives/edgar/data/1326380/000115752312001532/0001157523-12-001532-index.htm,8-K,,N/A,5734,N/A
0000315066,2012-02-14,https://www.sec.gov/Archives/edgar/data/1326380/000031506612002663/0000315066-12-002663-index.htm,SC 13G/A,,N/A,0000,N/A
0000861177,2012-02-14,https://www.sec.gov/Archives/edgar/data/1326380/000086117712000009/0000861177-12-000009-index.htm,SC 13G/A,,N/A,0000,N/A
0001326380,2012-02-10,https://www.sec.gov/Archives/edgar/data/1326380/000095013812000135/0000950138-12-000135-index.htm,8-K,,N/A,5734,N/A
N/A,2012-02-10,https://www.sec.gov/Archives/edgar/data/1326380/000093247112003360/0000932471-12-003360-index.htm,SC 13G,,N/A,N/A,N/A
N/A,2012-02-09,https://www.sec.gov/Archives/edgar/data/1326380/000108525612000012/0001085256-12-000012-index.htm,SC 13G/A,,N/A,N/A,N/A
0001326380,2012-02-09,https://www.sec.gov/Archives/edgar/data/1326380/000108636412000362/0001086364-12-000362-index.htm,SC 13G/A,,N/A,5734,N/A
0001326380,2012-02-08,https://www.sec.gov/Archives/edgar/data/1326380/000115752312000597/0001157523-12-000597-index.htm,8-K,,N/A,5734,N/A
0001326380,2011-12-07,https://www.sec.gov/Archives/edgar/data/1326380/000119312511333737/0001193125-11-333737-index.htm,10-Q,https://www.sec.gov/Archives/edgar/data/1326380/000119312511333737/d248585d10q.htm,https://www.sec.gov/cgi-bin/viewer?action=view&cik=1326380&accession_number=0001193125-11-333737&xbrl_type=v,5734,https://www.sec.gov/Archives/edgar/data/1326380/000119312511333737/gme-20111029.xml
0001326380,2011-11-17,https://www.sec.gov/Archives/edgar/data/1326380/000115752311006894/0001157523-11-006894-index.htm,8-K,,N/A,5734,N/A
0001326380,2011-10-11,https://www.sec.gov/Archives/edgar/data/1326380/000000000011059522/0000000000-11-059522-index.htm,UPLOAD,,N/A,5734,N/A
0001326380,2011-10-04,https://www.sec.gov/Archives/edgar/data/1326380/000119312511263719/0001193125-11-263719-index.htm,10-Q/A,https://www.sec.gov/Archives/edgar/data/1326380/000119312511263719/d222403d10qa.htm,https://www.sec.gov/cgi-bin/viewer?action=view&cik=1326380&accession_number=0001193125-11-263719&xbrl_type=v,5734,https://www.sec.gov/Archives/edgar/data/1326380/000119312511263719/gme-20110730.xml
0001326380,2011-10-03,https://www.sec.gov/Archives/edgar/data/1326380/000119312511262711/0001193125-11-262711-index.htm,CORRESP,,N/A,5734,N/A
0001326380,2011-09-21,https://www.sec.gov/Archives/edgar/data/1326380/000000000011056171/0000000000-11-056171-index.htm,UPLOAD,,N/A,5734,N/A
0001326380,2011-09-08,https://www.sec.gov/Archives/edgar/data/1326380/000119312511243526/0001193125-11-243526-index.htm,10-Q,https://www.sec.gov/Archives/edgar/data/1326380/000119312511243526/d222403d10q.htm,N/A,5734,N/A
0001326380,2011-09-02,https://www.sec.gov/Archives/edgar/data/1326380/000095013811000477/0000950138-11-000477-index.htm,8-K,,N/A,5734,N/A
0001326380,2011-08-19,https://www.sec.gov/Archives/edgar/data/1326380/000095012311078871/0000950123-11-078871-index.htm,CORRESP,,N/A,5734,N/A
0001326380,2011-08-18,https://www.sec.gov/Archives/edgar/data/1326380/000115752311005121/0001157523-11-005121-index.htm,8-K,,N/A,5734,N/A
0001326380,2011-08-01,https://www.sec.gov/Archives/edgar/data/1326380/000000000011046511/0000000000-11-046511-index.htm,UPLOAD,,N/A,5734,N/A
0001326380,2011-07-29,https://www.sec.gov/Archives/edgar/data/1326380/000095013811000430/0000950138-11-000430-index.htm,S-8,,N/A,5734,N/A
0001326380,2011-07-12,https://www.sec.gov/Archives/edgar/data/1326380/000095013811000413/0000950138-11-000413-index.htm,8-K,,N/A,5734,N/A
0000315066,2011-07-11,https://www.sec.gov/Archives/edgar/data/1326380/000031506611003715/0000315066-11-003715-index.htm,SC 13G/A,,N/A,0000,N/A
0001326380,2011-06-27,https://www.sec.gov/Archives/edgar/data/1326380/000095013811000408/0000950138-11-000408-index.htm,8-K,,N/A,5734,N/A
0001326380,2011-06-14,https://www.sec.gov/Archives/edgar/data/1326380/000095013811000387/0000950138-11-000387-index.htm,DEFA14A,,N/A,5734,N/A
0001326380,2011-06-08,https://www.sec.gov/Archives/edgar/data/1326380/000095012311057592/0000950123-11-057592-index.htm,10-Q,https://www.sec.gov/Archives/edgar/data/1326380/000095012311057592/d82560e10vq.htm,https://www.sec.gov/cgi-bin/viewer?action=view&cik=1326380&accession_number=0000950123-11-057592&xbrl_type=v,5734,https://www.sec.gov/Archives/edgar/data/1326380/000095012311057592/gme-20110430.xml
0001326380,2011-06-03,https://www.sec.gov/Archives/edgar/data/1326380/000095013811000368/0000950138-11-000368-index.htm,DEFA14A,,N/A,5734,N/A
0001326380,2011-05-19,https://www.sec.gov/Archives/edgar/data/1326380/000115752311003255/0001157523-11-003255-index.htm,8-K,,N/A,5734,N/A
0001326380,2011-05-16,https://www.sec.gov/Archives/edgar/data/1326380/000095013811000306/0000950138-11-000306-index.htm,8-K,,N/A,5734,N/A
0001326380,2011-05-16,https://www.sec.gov/Archives/edgar/data/1326380/000095012311050780/0000950123-11-050780-index.htm,DEF 14A,,N/A,5734,N/A
0001326380,2011-04-01,https://www.sec.gov/Archives/edgar/data/1326380/000095013811000216/0000950138-11-000216-index.htm,8-K,,N/A,5734,N/A
0001326380,2011-03-30,https://www.sec.gov/Archives/edgar/data/1326380/000095012311030842/0000950123-11-030842-index.htm,10-K,https://www.sec.gov/Archives/edgar/data/1326380/000095012311030842/d80233e10vk.htm,https://www.sec.gov/cgi-bin/viewer?action=view&cik=1326380&accession_number=0000950123-11-030842&xbrl_type=v,5734,https://www.sec.gov/Archives/edgar/data/1326380/000095012311030842/gme-20110129.xml
0001326380,2011-03-24,https://www.sec.gov/Archives/edgar/data/1326380/000115752311001712/0001157523-11-001712-index.htm,8-K,,N/A,5734,N/A
0000315066,2011-02-14,https://www.sec.gov/Archives/edgar/data/1326380/000031506611002539/0000315066-11-002539-index.htm,SC 13G,,N/A,0000,N/A
0001326380,2011-02-09,https://www.sec.gov/Archives/edgar/data/1326380/000095013811000095/0000950138-11-000095-index.htm,8-K,,N/A,5734,N/A
N/A,2011-02-09,https://www.sec.gov/Archives/edgar/data/1326380/000108525611000015/0001085256-11-000015-index.htm,SC 13G,,N/A,N/A,N/A
0001326380,2011-02-08,https://www.sec.gov/Archives/edgar/data/1326380/000095013811000092/0000950138-11-000092-index.htm,8-K,,N/A,5734,N/A
0000861177,2011-02-04,https://www.sec.gov/Archives/edgar/data/1326380/000086117711000011/0000861177-11-000011-index.htm,SC 13G,,N/A,0000,N/A
0001326380,2011-02-04,https://www.sec.gov/Archives/edgar/data/1326380/000115752311000630/0001157523-11-000630-index.htm,8-K,,N/A,5734,N/A
0001326380,2011-01-10,https://www.sec.gov/Archives/edgar/data/1326380/000108636411000165/0001086364-11-000165-index.htm,SC 13G/A,,N/A,5734,N/A
0001326380,2011-01-06,https://www.sec.gov/Archives/edgar/data/1326380/000095013811000016/0000950138-11-000016-index.htm,8-K,,N/A,5734,N/A
0001326380,2010-12-09,https://www.sec.gov/Archives/edgar/data/1326380/000108636410010030/0001086364-10-010030-index.htm,SC 13G/A,,N/A,5734,N/A
0001326380,2010-12-08,https://www.sec.gov/Archives/edgar/data/1326380/000095012310112044/0000950123-10-112044-index.htm,10-Q,https://www.sec.gov/Archives/edgar/data/1326380/000095012310112044/d77600e10vq.htm,https://www.sec.gov/cgi-bin/viewer?action=view&cik=1326380&accession_number=0000950123-10-112044&xbrl_type=v,5734,https://www.sec.gov/Archives/edgar/data/1326380/000095012310112044/gme-20101030.xml
0001326380,2010-11-18,https://www.sec.gov/Archives/edgar/data/1326380/000115752310006999/0001157523-10-006999-index.htm,8-K,,N/A,5734,N/A
N/A,2010-10-18,https://www.sec.gov/Archives/edgar/data/1326380/000095013810000628/0000950138-10-000628-index.htm,SC 13D/A,,N/A,N/A,N/A
0001326380,2010-09-22,https://www.sec.gov/Archives/edgar/data/1326380/000095013810000581/0000950138-10-000581-index.htm,8-K,,N/A,5734,N/A
0001326380,2010-09-15,https://www.sec.gov/Archives/edgar/data/1326380/000115752310005502/0001157523-10-005502-index.htm,8-K,,N/A,5734,N/A
0001326380,2010-09-08,https://www.sec.gov/Archives/edgar/data/1326380/000095012310084627/0000950123-10-084627-index.htm,10-Q,https://www.sec.gov/Archives/edgar/data/1326380/000095012310084627/d75281e10vq.htm,https://www.sec.gov/cgi-bin/viewer?action=view&cik=1326380&accession_number=0000950123-10-084627&xbrl_type=v,5734,https://www.sec.gov/Archives/edgar/data/1326380/000095012310084627/gme-20100731.xml
0001326380,2010-08-19,https://www.sec.gov/Archives/edgar/data/1326380/000115752310005164/0001157523-10-005164-index.htm,8-K,,N/A,5734,N/A
0001326380,2010-07-27,https://www.sec.gov/Archives/edgar/data/1326380/000095013810000502/0000950138-10-000502-index.htm,8-K,,N/A,5734,N/A
0001326380,2010-06-24,https://www.sec.gov/Archives/edgar/data/1326380/000115752310003802/0001157523-10-003802-index.htm,8-K,,N/A,5734,N/A
0001326380,2010-06-17,https://www.sec.gov/Archives/edgar/data/1326380/000095013810000458/0000950138-10-000458-index.htm,8-K,,N/A,5734,N/A
0001326380,2010-06-09,https://www.sec.gov/Archives/edgar/data/1326380/000095012310056938/0000950123-10-056938-index.htm,10-Q,https://www.sec.gov/Archives/edgar/data/1326380/000095012310056938/d73338e10vq.htm,https://www.sec.gov/cgi-bin/viewer?action=view&cik=1326380&accession_number=0000950123-10-056938&xbrl_type=v,5734,https://www.sec.gov/Archives/edgar/data/1326380/000095012310056938/gme-20100501.xml
0001326380,2010-06-02,https://www.sec.gov/Archives/edgar/data/1326380/000095013810000420/0000950138-10-000420-index.htm,8-K,,N/A,5734,N/A
0001326380,2010-05-20,https://www.sec.gov/Archives/edgar/data/1326380/000115752310003300/0001157523-10-003300-index.htm,8-K,,N/A,5734,N/A
0001326380,2010-05-18,https://www.sec.gov/Archives/edgar/data/1326380/000095012310050895/0000950123-10-050895-index.htm,DEF 14A,,N/A,5734,N/A
0001326380,2010-04-09,https://www.sec.gov/Archives/edgar/data/1326380/000095013810000269/0000950138-10-000269-index.htm,8-K,,N/A,5734,N/A
0001326380,2010-03-30,https://www.sec.gov/Archives/edgar/data/1326380/000095012310030164/0000950123-10-030164-index.htm,10-K,https://www.sec.gov/Archives/edgar/data/1326380/000095012310030164/d70778e10vk.htm,https://www.sec.gov/cgi-bin/viewer?action=view&cik=1326380&accession_number=0000950123-10-030164&xbrl_type=v,5734,https://www.sec.gov/Archives/edgar/data/1326380/000095012310030164/gme-20100130.xml
0001326380,2010-03-18,https://www.sec.gov/Archives/edgar/data/1326380/000115752310001638/0001157523-10-001638-index.htm,8-K,,N/A,5734,N/A
0001326380,2010-02-24,https://www.sec.gov/Archives/edgar/data/1326380/000095013810000131/0000950138-10-000131-index.htm,8-K,,N/A,5734,N/A
0001326380,2010-02-10,https://www.sec.gov/Archives/edgar/data/1326380/000095013810000091/0000950138-10-000091-index.htm,8-K,,N/A,5734,N/A
0001326380,2010-02-04,https://www.sec.gov/Archives/edgar/data/1326380/000095013810000032/0000950138-10-000032-index.htm,S-8,,N/A,5734,N/A
0001326380,2010-01-29,https://www.sec.gov/Archives/edgar/data/1326380/000108636410008247/0001086364-10-008247-index.htm,SC 13G,,N/A,5734,N/A
0001326380,2010-01-13,https://www.sec.gov/Archives/edgar/data/1326380/000095013810000010/0000950138-10-000010-index.htm,8-K,,N/A,5734,N/A
0001326380,2009-12-09,https://www.sec.gov/Archives/edgar/data/1326380/000095012309069549/0000950123-09-069549-index.htm,10-Q,https://www.sec.gov/Archives/edgar/data/1326380/000095012309069549/d69085e10vq.htm,https://www.sec.gov/cgi-bin/viewer?action=view&cik=1326380&accession_number=0000950123-09-069549&xbrl_type=v,5734,https://www.sec.gov/Archives/edgar/data/1326380/000095012309069549/gme-20091031.xml
0001326380,2009-11-19,https://www.sec.gov/Archives/edgar/data/1326380/000115752309008187/0001157523-09-008187-index.htm,8-K,,N/A,5734,N/A
0001326380,2009-11-09,https://www.sec.gov/Archives/edgar/data/1326380/000000000009063296/0000000000-09-063296-index.htm,UPLOAD,,N/A,5734,N/A
N/A,2009-10-09,https://www.sec.gov/Archives/edgar/data/1326380/000095013809000667/0000950138-09-000667-index.htm,SC 13D/A,,N/A,N/A,N/A
0001326380,2009-09-29,https://www.sec.gov/Archives/edgar/data/1326380/000095012309047091/0000950123-09-047091-index.htm,CORRESP,,N/A,5734,N/A
0001326380,2009-09-09,https://www.sec.gov/Archives/edgar/data/1326380/000095012309042090/0000950123-09-042090-index.htm,10-Q,https://www.sec.gov/Archives/edgar/data/1326380/000095012309042090/d68990e10vq.htm,https://www.sec.gov/cgi-bin/viewer?action=view&cik=1326380&accession_number=0000950123-09-042090&xbrl_type=v,5734,https://www.sec.gov/Archives/edgar/data/1326380/000095012309042090/gme-20090801.xml
0001326380,2009-09-04,https://www.sec.gov/Archives/edgar/data/1326380/000000000009049419/0000000000-09-049419-index.htm,UPLOAD,,N/A,5734,N/A
0001326380,2009-08-25,https://www.sec.gov/Archives/edgar/data/1326380/000095013809000542/0000950138-09-000542-index.htm,8-K,,N/A,5734,N/A
0001326380,2009-08-20,https://www.sec.gov/Archives/edgar/data/1326380/000115752309006102/0001157523-09-006102-index.htm,8-K,,N/A,5734,N/A
0001326380,2009-06-11,https://www.sec.gov/Archives/edgar/data/1326380/000095012309013296/0000950123-09-013296-index.htm,10-Q,https://www.sec.gov/Archives/edgar/data/1326380/000095012309013296/d68027e10vq.htm,N/A,5734,N/A
0001326380,2009-05-22,https://www.sec.gov/Archives/edgar/data/1326380/000095013409011302/0000950134-09-011302-index.htm,DEF 14A,,N/A,5734,N/A
0001326380,2009-05-21,https://www.sec.gov/Archives/edgar/data/1326380/000115752309004051/0001157523-09-004051-index.htm,8-K,,N/A,5734,N/A
0001326380,2009-04-01,https://www.sec.gov/Archives/edgar/data/1326380/000095013409006730/0000950134-09-006730-index.htm,10-K,https://www.sec.gov/Archives/edgar/data/1326380/000095013409006730/d66430e10vk.htm,N/A,5734,N/A
0001326380,2009-03-27,https://www.sec.gov/Archives/edgar/data/1326380/000115752309002365/0001157523-09-002365-index.htm,8-K,,N/A,5734,N/A
0001326380,2009-02-23,https://www.sec.gov/Archives/edgar/data/1326380/000115752309001483/0001157523-09-001483-index.htm,8-K,,N/A,5734,N/A
0000315066,2009-02-17,https://www.sec.gov/Archives/edgar/data/1326380/000031506609001734/0000315066-09-001734-index.htm,SC 13G/A,,N/A,0000,N/A
0000052388,2009-02-13,https://www.sec.gov/Archives/edgar/data/1326380/000005238809000038/0000052388-09-000038-index.htm,SC 13G/A,,N/A,0000,N/A
0001326380,2009-02-11,https://www.sec.gov/Archives/edgar/data/1326380/000115752309001150/0001157523-09-001150-index.htm,8-K,,N/A,5734,N/A
0001326380,2009-01-07,https://www.sec.gov/Archives/edgar/data/1326380/000095013809000007/0000950138-09-000007-index.htm,8-K,,N/A,5734,N/A
0001326380,2008-12-11,https://www.sec.gov/Archives/edgar/data/1326380/000095013408022038/0000950134-08-022038-index.htm,10-Q,https://www.sec.gov/Archives/edgar/data/1326380/000095013408022038/d65491e10vq.htm,N/A,5734,N/A
0001326380,2008-11-20,https://www.sec.gov/Archives/edgar/data/1326380/000115752308009454/0001157523-08-009454-index.htm,8-K,,N/A,5734,N/A
0001326380,2008-11-18,https://www.sec.gov/Archives/edgar/data/1326380/000095013808000851/0000950138-08-000851-index.htm,8-K,,N/A,5734,N/A
0001326380,2008-10-30,https://www.sec.gov/Archives/edgar/data/1326380/000095013808000770/0000950138-08-000770-index.htm,8-K,,N/A,5734,N/A
0001326380,2008-10-02,https://www.sec.gov/Archives/edgar/data/1326380/000095013808000730/0000950138-08-000730-index.htm,8-K,,N/A,5734,N/A
0001326380,2008-09-12,https://www.sec.gov/Archives/edgar/data/1326380/000095013808000678/0000950138-08-000678-index.htm,8-K,,N/A,5734,N/A
0001326380,2008-09-11,https://www.sec.gov/Archives/edgar/data/1326380/000095013408016477/0000950134-08-016477-index.htm,10-Q,https://www.sec.gov/Archives/edgar/data/1326380/000095013408016477/d60148e10vq.htm,N/A,5734,N/A
0001326380,2008-09-04,https://www.sec.gov/Archives/edgar/data/1326380/000095013808000664/0000950138-08-000664-index.htm,8-K,,N/A,5734,N/A
0001326380,2008-08-21,https://www.sec.gov/Archives/edgar/data/1326380/000115752308007019/0001157523-08-007019-index.htm,8-K,,N/A,5734,N/A
0001326380,2008-06-12,https://www.sec.gov/Archives/edgar/data/1326380/000095013408011106/0000950134-08-011106-index.htm,10-Q,https://www.sec.gov/Archives/edgar/data/1326380/000095013408011106/d57541e10vq.htm,N/A,5734,N/A
0001326380,2008-05-23,https://www.sec.gov/Archives/edgar/data/1326380/000095013408010170/0000950134-08-010170-index.htm,DEF 14A,,N/A,5734,N/A
0001326380,2008-05-22,https://www.sec.gov/Archives/edgar/data/1326380/000115752308004529/0001157523-08-004529-index.htm,8-K,,N/A,5734,N/A
0001326380,2008-04-18,https://www.sec.gov/Archives/edgar/data/1326380/000095013808000303/0000950138-08-000303-index.htm,8-K,,N/A,5734,N/A
0001326380,2008-04-16,https://www.sec.gov/Archives/edgar/data/1326380/000115752308002937/0001157523-08-002937-index.htm,8-K,,N/A,5734,N/A
0001326380,2008-04-02,https://www.sec.gov/Archives/edgar/data/1326380/000095013408005892/0000950134-08-005892-index.htm,10-K,https://www.sec.gov/Archives/edgar/data/1326380/000095013408005892/d55358e10vk.htm,N/A,5734,N/A
0001326380,2008-03-27,https://www.sec.gov/Archives/edgar/data/1326380/000000000008016019/0000000000-08-016019-index.htm,UPLOAD,,N/A,5734,N/A
0001326380,2008-03-26,https://www.sec.gov/Archives/edgar/data/1326380/000095013408005418/0000950134-08-005418-index.htm,CORRESP,,N/A,5734,N/A
0001326380,2008-03-18,https://www.sec.gov/Archives/edgar/data/1326380/000115752308002293/0001157523-08-002293-index.htm,8-K,,N/A,5734,N/A
0001326380,2008-02-15,https://www.sec.gov/Archives/edgar/data/1326380/000115752308001464/0001157523-08-001464-index.htm,8-K,,N/A,5734,N/A
0000315066,2008-02-14,https://www.sec.gov/Archives/edgar/data/1326380/000031506608001659/0000315066-08-001659-index.htm,SC 13G/A,,N/A,0000,N/A
N/A,2008-02-14,https://www.sec.gov/Archives/edgar/data/1326380/000091957408001184/0000919574-08-001184-index.htm,SC 13G/A,,N/A,N/A,N/A
0000052388,2008-02-13,https://www.sec.gov/Archives/edgar/data/1326380/000005238808000052/0000052388-08-000052-index.htm,SC 13G/A,,N/A,0000,N/A
0001326380,2008-02-13,https://www.sec.gov/Archives/edgar/data/1326380/000095013808000127/0000950138-08-000127-index.htm,8-K,,N/A,5734,N/A
0001326380,2008-02-07,https://www.sec.gov/Archives/edgar/data/1326380/000115752308001092/0001157523-08-001092-index.htm,8-K,,N/A,5734,N/A
0001326380,2008-01-08,https://www.sec.gov/Archives/edgar/data/1326380/000000000008001224/0000000000-08-001224-index.htm,UPLOAD,,N/A,5734,N/A
0001326380,2007-12-07,https://www.sec.gov/Archives/edgar/data/1326380/000095013407025084/0000950134-07-025084-index.htm,10-Q,https://www.sec.gov/Archives/edgar/data/1326380/000095013407025084/d52126e10vq.htm,N/A,5734,N/A
0001326380,2007-11-30,https://www.sec.gov/Archives/edgar/data/1326380/000095013407024686/0000950134-07-024686-index.htm,CORRESP,,N/A,5734,N/A
0001326380,2007-11-20,https://www.sec.gov/Archives/edgar/data/1326380/000115752307011502/0001157523-07-011502-index.htm,8-K,,N/A,5734,N/A
0001326380,2007-11-02,https://www.sec.gov/Archives/edgar/data/1326380/000000000007053916/0000000000-07-053916-index.htm,UPLOAD,,N/A,5734,N/A
N/A,2007-10-31,https://www.sec.gov/Archives/edgar/data/1326380/000095013807000861/0000950138-07-000861-index.htm,SC 13D/A,,N/A,N/A,N/A
0001326380,2007-10-11,https://www.sec.gov/Archives/edgar/data/1326380/000095013407021164/0000950134-07-021164-index.htm,CORRESP,,N/A,5734,N/A
0001326380,2007-09-27,https://www.sec.gov/Archives/edgar/data/1326380/000000000007047126/0000000000-07-047126-index.htm,UPLOAD,,N/A,5734,N/A
0001326380,2007-09-07,https://www.sec.gov/Archives/edgar/data/1326380/000095013407019687/0000950134-07-019687-index.htm,10-Q,https://www.sec.gov/Archives/edgar/data/1326380/000095013407019687/d49727e10vq.htm,N/A,5734,N/A
0001326380,2007-08-23,https://www.sec.gov/Archives/edgar/data/1326380/000115752307008703/0001157523-07-008703-index.htm,8-K,,N/A,5734,N/A
0001326380,2007-07-23,https://www.sec.gov/Archives/edgar/data/1326380/000095013807000587/0000950138-07-000587-index.htm,S-8,,N/A,5734,N/A
0001326380,2007-07-05,https://www.sec.gov/Archives/edgar/data/1326380/000095013807000568/0000950138-07-000568-index.htm,8-K,,N/A,5734,N/A
0001326380,2007-06-14,https://www.sec.gov/Archives/edgar/data/1326380/000095013407013384/0000950134-07-013384-index.htm,10-Q,https://www.sec.gov/Archives/edgar/data/1326380/000095013407013384/d47452e10vq.htm,N/A,5734,N/A
0001326380,2007-05-29,https://www.sec.gov/Archives/edgar/data/1326380/000095013407012490/0000950134-07-012490-index.htm,DEF 14A,,N/A,5734,N/A
0001326380,2007-05-23,https://www.sec.gov/Archives/edgar/data/1326380/000115752307005529/0001157523-07-005529-index.htm,8-K,,N/A,5734,N/A
N/A,2007-05-09,https://www.sec.gov/Archives/edgar/data/1326380/000113743907000162/0001137439-07-000162-index.htm,SC 13D/A,,N/A,N/A,N/A
N/A,2007-05-07,https://www.sec.gov/Archives/edgar/data/1326380/000095013807000334/0000950138-07-000334-index.htm,SC 13D/A,,N/A,N/A,N/A
0001326380,2007-04-26,https://www.sec.gov/Archives/edgar/data/1326380/000095013807000302/0000950138-07-000302-index.htm,8-K,,N/A,5734,N/A
0000315066,2007-04-10,https://www.sec.gov/Archives/edgar/data/1326380/000031506607002579/0000315066-07-002579-index.htm,SC 13G/A,,N/A,0000,N/A
0001326380,2007-04-04,https://www.sec.gov/Archives/edgar/data/1326380/000095013407007555/0000950134-07-007555-index.htm,10-K,https://www.sec.gov/Archives/edgar/data/1326380/000095013407007555/d45113e10vk.htm,N/A,5734,N/A
0001326380,2007-03-27,https://www.sec.gov/Archives/edgar/data/1326380/000115752307003014/0001157523-07-003014-index.htm,8-K,,N/A,5734,N/A
0000898358,2007-03-02,https://www.sec.gov/Archives/edgar/data/1326380/000089835807000015/0000898358-07-000015-index.htm,SC 13G,,N/A,0000,N/A
0000315066,2007-02-14,https://www.sec.gov/Archives/edgar/data/1326380/000031506607001800/0000315066-07-001800-index.htm,SC 13G/A,,N/A,0000,N/A
0000315066,2007-02-14,https://www.sec.gov/Archives/edgar/data/1326380/000031506607001799/0000315066-07-001799-index.htm,SC 13G/A,,N/A,0000,N/A
0000902219,2007-02-14,https://www.sec.gov/Archives/edgar/data/1326380/000090221907000791/0000902219-07-000791-index.htm,SC 13G/A,,N/A,0000,N/A
0001326380,2007-02-14,https://www.sec.gov/Archives/edgar/data/1326380/000095013807000115/0000950138-07-000115-index.htm,8-K,,N/A,5734,N/A
N/A,2007-02-13,https://www.sec.gov/Archives/edgar/data/1326380/000114420407007110/0001144204-07-007110-index.htm,SC 13G/A,,N/A,N/A,N/A
0000052388,2007-02-13,https://www.sec.gov/Archives/edgar/data/1326380/000005238807000030/0000052388-07-000030-index.htm,SC 13G,,N/A,0000,N/A
0001326380,2007-02-12,https://www.sec.gov/Archives/edgar/data/1326380/000115752307001369/0001157523-07-001369-index.htm,8-K,,N/A,5734,N/A
N/A,2007-02-08,https://www.sec.gov/Archives/edgar/data/1326380/000114022307000014/0001140223-07-000014-index.htm,SC 13G,,N/A,N/A,N/A
0001326380,2007-02-07,https://www.sec.gov/Archives/edgar/data/1326380/000095013807000082/0000950138-07-000082-index.htm,8-K,,N/A,5734,N/A
N/A,2007-02-06,https://www.sec.gov/Archives/edgar/data/1326380/000095013707001536/0000950137-07-001536-index.htm,SC 13G,,N/A,N/A,N/A
N/A,2007-02-05,https://www.sec.gov/Archives/edgar/data/1326380/000091957407000388/0000919574-07-000388-index.htm,SC 13G/A,,N/A,N/A,N/A
N/A,2007-02-02,https://www.sec.gov/Archives/edgar/data/1326380/000094804607000080/0000948046-07-000080-index.htm,SC 13G,,N/A,N/A,N/A
0001326380,2006-12-29,https://www.sec.gov/Archives/edgar/data/1326380/000095013806000934/0000950138-06-000934-index.htm,DEF 14A,,N/A,5734,N/A
0001326380,2006-12-18,https://www.sec.gov/Archives/edgar/data/1326380/000095013806000914/0000950138-06-000914-index.htm,PRE 14A,,N/A,5734,N/A
0001326380,2006-12-18,https://www.sec.gov/Archives/edgar/data/1326380/000095013806000913/0000950138-06-000913-index.htm,8-K,,N/A,5734,N/A
0001326380,2006-12-05,https://www.sec.gov/Archives/edgar/data/1326380/000095013406022633/0000950134-06-022633-index.htm,10-Q,https://www.sec.gov/Archives/edgar/data/1326380/000095013406022633/d41724e10vq.htm,N/A,5734,N/A
0001326380,2006-11-21,https://www.sec.gov/Archives/edgar/data/1326380/000115752306011569/0001157523-06-011569-index.htm,8-K,,N/A,5734,N/A
0001326380,2006-09-05,https://www.sec.gov/Archives/edgar/data/1326380/000095013406017280/0000950134-06-017280-index.htm,10-Q,https://www.sec.gov/Archives/edgar/data/1326380/000095013406017280/d39286e10vq.htm,N/A,5734,N/A
0001326380,2006-08-17,https://www.sec.gov/Archives/edgar/data/1326380/000115752306008552/0001157523-06-008552-index.htm,8-K,,N/A,5734,N/A
0001326380,2006-06-22,https://www.sec.gov/Archives/edgar/data/1326380/000095013806000541/0000950138-06-000541-index.htm,8-K,,N/A,5734,N/A
0001326380,2006-06-02,https://www.sec.gov/Archives/edgar/data/1326380/000095013406011007/0000950134-06-011007-index.htm,10-Q,https://www.sec.gov/Archives/edgar/data/1326380/000095013406011007/d36705e10vq.htm,N/A,5734,N/A
0001326380,2006-05-24,https://www.sec.gov/Archives/edgar/data/1326380/000095013406010522/0000950134-06-010522-index.htm,DEF 14A,,N/A,5734,N/A
0001326380,2006-05-18,https://www.sec.gov/Archives/edgar/data/1326380/000115752306005353/0001157523-06-005353-index.htm,8-K,,N/A,5734,N/A
0001057746,2006-04-26,https://www.sec.gov/Archives/edgar/data/1326380/000095012306005216/0000950123-06-005216-index.htm,S-4,,N/A,5734,N/A
N/A,2006-04-19,https://www.sec.gov/Archives/edgar/data/1326380/000113743906000141/0001137439-06-000141-index.htm,SC 13D/A,,N/A,N/A,N/A
N/A,2006-04-17,https://www.sec.gov/Archives/edgar/data/1326380/000095013806000348/0000950138-06-000348-index.htm,SC 13D/A,,N/A,N/A,N/A
0001326380,2006-04-13,https://www.sec.gov/Archives/edgar/data/1326380/000095012306004629/0000950123-06-004629-index.htm,8-K,,N/A,5734,N/A
N/A,2006-04-13,https://www.sec.gov/Archives/edgar/data/1326380/000114420406014989/0001144204-06-014989-index.htm,SC 13G,,N/A,N/A,N/A
0001326380,2006-04-12,https://www.sec.gov/Archives/edgar/data/1326380/000095012306004584/0000950123-06-004584-index.htm,424B7,,N/A,5734,N/A
0001326380,2006-04-10,https://www.sec.gov/Archives/edgar/data/1326380/000095012306004449/0000950123-06-004449-index.htm,S-3ASR,,N/A,5734,N/A
0001326380,2006-04-03,https://www.sec.gov/Archives/edgar/data/1326380/000095013406006576/0000950134-06-006576-index.htm,10-K,https://www.sec.gov/Archives/edgar/data/1326380/000095013406006576/d34677e10vk.htm,N/A,5734,N/A
0001326380,2006-03-21,https://www.sec.gov/Archives/edgar/data/1326380/000115752306002859/0001157523-06-002859-index.htm,8-K,,N/A,5734,N/A
0001326380,2006-03-03,https://www.sec.gov/Archives/edgar/data/1326380/000095013806000208/0000950138-06-000208-index.htm,8-K,,N/A,5734,N/A
0001326380,2006-02-16,https://www.sec.gov/Archives/edgar/data/1326380/000095013806000163/0000950138-06-000163-index.htm,8-K,,N/A,5734,N/A
0000315066,2006-02-14,https://www.sec.gov/Archives/edgar/data/1326380/000031506606002946/0000315066-06-002946-index.htm,SC 13G/A,,N/A,0000,N/A
N/A,2006-02-10,https://www.sec.gov/Archives/edgar/data/1326380/000091957406000724/0000919574-06-000724-index.htm,SC 13G/A,,N/A,N/A,N/A
N/A,2006-02-10,https://www.sec.gov/Archives/edgar/data/1326380/000091957406000720/0000919574-06-000720-index.htm,SC 13G,,N/A,N/A,N/A
0000038777,2006-02-10,https://www.sec.gov/Archives/edgar/data/1326380/000003877706000235/0000038777-06-000235-index.htm,SC 13G/A,,N/A,6282,N/A
0000898358,2006-02-09,https://www.sec.gov/Archives/edgar/data/1326380/000131571906000057/0001315719-06-000057-index.htm,SC 13G,,N/A,0000,N/A
0000315066,2006-01-10,https://www.sec.gov/Archives/edgar/data/1326380/000031506606000118/0000315066-06-000118-index.htm,SC 13G,,N/A,0000,N/A
0000902219,2006-01-10,https://www.sec.gov/Archives/edgar/data/1326380/000090221906000077/0000902219-06-000077-index.htm,SC 13G/A,,N/A,0000,N/A
0001326380,2005-12-22,https://www.sec.gov/Archives/edgar/data/1326380/000095013805001193/0000950138-05-001193-index.htm,8-K/A,,N/A,5734,N/A
0001326380,2005-12-13,https://www.sec.gov/Archives/edgar/data/1326380/000095013805001175/0000950138-05-001175-index.htm,8-K,,N/A,5734,N/A
0001326380,2005-12-08,https://www.sec.gov/Archives/edgar/data/1326380/000095013405022807/0000950134-05-022807-index.htm,10-Q,https://www.sec.gov/Archives/edgar/data/1326380/000095013405022807/d31079e10vq.htm,N/A,5734,N/A
0001326380,2005-11-29,https://www.sec.gov/Archives/edgar/data/1326380/000115752305010463/0001157523-05-010463-index.htm,8-K,,N/A,5734,N/A
0001326380,2005-11-23,https://www.sec.gov/Archives/edgar/data/1326380/000115752305010420/0001157523-05-010420-index.htm,8-K,,N/A,5734,N/A
0000315066,2005-11-10,https://www.sec.gov/Archives/edgar/data/1326380/000031506605002769/0000315066-05-002769-index.htm,SC 13G/A,,N/A,0000,N/A
0001326380,2005-11-04,https://www.sec.gov/Archives/edgar/data/1326380/000095013805001109/0000950138-05-001109-index.htm,424B3,,N/A,5734,N/A
0001326380,2005-11-03,https://www.sec.gov/Archives/edgar/data/1326380/999999999705046544/9999999997-05-046544-index.htm,25,,N/A,5734,N/A
0001326380,2005-10-26,https://www.sec.gov/Archives/edgar/data/1326380/000095013805001041/0000950138-05-001041-index.htm,S-3/A,,N/A,5734,N/A
N/A,2005-10-17,https://www.sec.gov/Archives/edgar/data/1326380/000113743905000238/0001137439-05-000238-index.htm,SC 13D,,N/A,N/A,N/A
0001326380,2005-10-12,https://www.sec.gov/Archives/edgar/data/1326380/000095013805001024/0000950138-05-001024-index.htm,S-3,,N/A,5734,N/A
0001326380,2005-10-12,https://www.sec.gov/Archives/edgar/data/1326380/000095013805001023/0000950138-05-001023-index.htm,8-K,,N/A,5734,N/A
N/A,2005-10-12,https://www.sec.gov/Archives/edgar/data/1326380/000095013805001019/0000950138-05-001019-index.htm,SC 13D,,N/A,N/A,N/A
N/A,2005-10-12,https://www.sec.gov/Archives/edgar/data/1326380/000095013805001018/0000950138-05-001018-index.htm,SC 13D,,N/A,N/A,N/A
0001057746,2005-10-11,https://www.sec.gov/Archives/edgar/data/1326380/000110465905048013/0001104659-05-048013-index.htm,425,,N/A,5734,N/A
0001326380,2005-10-07,https://www.sec.gov/Archives/edgar/data/1326380/000095013805000987/0000950138-05-000987-index.htm,POS AM,,N/A,5734,N/A
0001326380,2005-10-07,https://www.sec.gov/Archives/edgar/data/1326380/000095013805000986/0000950138-05-000986-index.htm,S-4,,N/A,5734,N/A
0001057746,2005-10-07,https://www.sec.gov/Archives/edgar/data/1326380/000110465905047579/0001104659-05-047579-index.htm,425,,N/A,5734,N/A
0001326380,2005-10-04,https://www.sec.gov/Archives/edgar/data/1326380/999999999705041555/9999999997-05-041555-index.htm,CERTNYS,,N/A,5734,N/A
0001326380,2005-10-03,https://www.sec.gov/Archives/edgar/data/1326380/000095013805000969/0000950138-05-000969-index.htm,8-A12B,,N/A,5734,N/A
0001157644,2005-09-30,https://www.sec.gov/Archives/edgar/data/1326380/000095013805000965/0000950138-05-000965-index.htm,425,,N/A,5734,N/A
0001157644,2005-09-27,https://www.sec.gov/Archives/edgar/data/1326380/000095012305011537/0000950123-05-011537-index.htm,425,,N/A,5734,N/A
0001057746,2005-09-06,https://www.sec.gov/Archives/edgar/data/1326380/000110465905042916/0001104659-05-042916-index.htm,425,,N/A,5734,N/A
0001157644,2005-09-06,https://www.sec.gov/Archives/edgar/data/1326380/000095013805000889/0000950138-05-000889-index.htm,425,,N/A,5734,N/A
0001326380,2005-09-06,https://www.sec.gov/Archives/edgar/data/1326380/000095012305010756/0000950123-05-010756-index.htm,424B3,,N/A,5734,N/A
0001326380,2005-09-02,https://www.sec.gov/Archives/edgar/data/1326380/000095012305010722/0000950123-05-010722-index.htm,CORRESP,,N/A,5734,N/A
0001326380,2005-09-02,https://www.sec.gov/Archives/edgar/data/1326380/000095012305010711/0000950123-05-010711-index.htm,S-4/A,,N/A,5734,N/A
0001326380,2005-08-26,https://www.sec.gov/Archives/edgar/data/1326380/000095013805000872/0000950138-05-000872-index.htm,CORRESP,,N/A,5734,N/A
0001326380,2005-08-23,https://www.sec.gov/Archives/edgar/data/1326380/000000000005043481/0000000000-05-043481-index.htm,UPLOAD,,N/A,5734,N/A
0001326380,2005-07-08,https://www.sec.gov/Archives/edgar/data/1326380/000095012305008304/0000950123-05-008304-index.htm,S-4/A,,N/A,5734,N/A
0001326380,2005-07-01,https://www.sec.gov/Archives/edgar/data/1326380/000095012305008117/0000950123-05-008117-index.htm,CORRESP,,N/A,5734,N/A
0001326380,2005-06-22,https://www.sec.gov/Archives/edgar/data/1326380/000000000005031867/0000000000-05-031867-index.htm,UPLOAD,,N/A,5734,N/A
0001057746,2005-06-15,https://www.sec.gov/Archives/edgar/data/1326380/000110465905028235/0001104659-05-028235-index.htm,425,,N/A,5734,N/A
0001057746,2005-06-09,https://www.sec.gov/Archives/edgar/data/1326380/000110465905027528/0001104659-05-027528-index.htm,425,,N/A,5734,N/A
0001157644,2005-06-09,https://www.sec.gov/Archives/edgar/data/1326380/000095013805000521/0000950138-05-000521-index.htm,425,,N/A,5734,N/A
N/A,2005-05-23,https://www.sec.gov/Archives/edgar/data/1326380/000095012305006637/0000950123-05-006637-index.htm,S-4,,N/A,N/A,N/A
