date,doc_link,filings,xbrl_link
2019-02-26,https://www.sec.gov/Archives/edgar/data/12927/000001292719000019/0000012927-19-000019-index.htm,8-K,N/A
2019-02-26,https://www.sec.gov/Archives/edgar/data/12927/000001292719000020/0000012927-19-000020-index.htm,DEFA14A,N/A
2019-02-19,https://www.sec.gov/Archives/edgar/data/12927/000119312519044244/0001193125-19-044244-index.htm,8-K,N/A
2019-02-14,https://www.sec.gov/Archives/edgar/data/12927/000119312519041018/0001193125-19-041018-index.htm,424B2,N/A
2019-02-14,https://www.sec.gov/Archives/edgar/data/12927/000008025519002331/0000080255-19-002331-index.htm,SC 13G,N/A
2019-02-13,https://www.sec.gov/Archives/edgar/data/12927/000119312519037989/0001193125-19-037989-index.htm,FWP,N/A
2019-02-13,https://www.sec.gov/Archives/edgar/data/12927/000119312519036991/0001193125-19-036991-index.htm,424B3,N/A
2019-02-11,https://www.sec.gov/Archives/edgar/data/12927/000093247119004987/0000932471-19-004987-index.htm,SC 13G/A,N/A
2019-02-08,https://www.sec.gov/Archives/edgar/data/12927/000001292719000011/0000012927-19-000011-index.htm,IRANNOTICE,N/A
2019-02-08,https://www.sec.gov/Archives/edgar/data/12927/000001292719000010/0000012927-19-000010-index.htm,10-K,https://www.sec.gov/Archives/edgar/data/12927/000001292719000010/a201812dec3110k_htm.xml
2019-02-04,https://www.sec.gov/Archives/edgar/data/12927/000021545719003091/0000215457-19-003091-index.htm,SC 13G/A,N/A
2019-01-30,https://www.sec.gov/Archives/edgar/data/12927/000117266119000270/0001172661-19-000270-index.htm,SC 13G/A,N/A
2019-01-30,https://www.sec.gov/Archives/edgar/data/12927/000095012319000440/0000950123-19-000440-index.htm,8-K,N/A
2019-01-25,https://www.sec.gov/Archives/edgar/data/12927/000119312519016115/0001193125-19-016115-index.htm,8-K,N/A
2018-12-17,https://www.sec.gov/Archives/edgar/data/12927/000001292718000073/0000012927-18-000073-index.htm,8-K,N/A
2018-10-31,https://www.sec.gov/Archives/edgar/data/12927/000119312518314075/0001193125-18-314075-index.htm,S-8,N/A
2018-10-31,https://www.sec.gov/Archives/edgar/data/12927/000119312518314068/0001193125-18-314068-index.htm,8-K,N/A
2018-10-30,https://www.sec.gov/Archives/edgar/data/12927/000119312518312222/0001193125-18-312222-index.htm,424B2,N/A
2018-10-29,https://www.sec.gov/Archives/edgar/data/12927/000119312518310669/0001193125-18-310669-index.htm,FWP,N/A
2018-10-29,https://www.sec.gov/Archives/edgar/data/12927/000119312518309872/0001193125-18-309872-index.htm,424B3,N/A
2018-10-25,https://www.sec.gov/Archives/edgar/data/12927/000001292718000069/0000012927-18-000069-index.htm,8-K,N/A
2018-10-24,https://www.sec.gov/Archives/edgar/data/12927/000001292718000066/0000012927-18-000066-index.htm,IRANNOTICE,N/A
2018-10-24,https://www.sec.gov/Archives/edgar/data/12927/000001292718000065/0000012927-18-000065-index.htm,10-Q,https://www.sec.gov/Archives/edgar/data/12927/000001292718000065/a201809sep3010-q_htm.xml
2018-10-24,https://www.sec.gov/Archives/edgar/data/12927/000095012318010091/0000950123-18-010091-index.htm,8-K,N/A
2018-10-04,https://www.sec.gov/Archives/edgar/data/12927/000000000018031302/0000000000-18-031302-index.htm,UPLOAD,N/A
2018-09-14,https://www.sec.gov/Archives/edgar/data/12927/000001292718000055/0000012927-18-000055-index.htm,CORRESP,N/A
2018-09-07,https://www.sec.gov/Archives/edgar/data/12927/000000000018027767/0000000000-18-027767-index.htm,UPLOAD,N/A
2018-07-25,https://www.sec.gov/Archives/edgar/data/12927/000001292718000048/0000012927-18-000048-index.htm,10-Q,https://www.sec.gov/Archives/edgar/data/12927/000001292718000048/ba-20180630.xml
2018-07-25,https://www.sec.gov/Archives/edgar/data/12927/000095012318006979/0000950123-18-006979-index.htm,8-K,N/A
2018-07-13,https://www.sec.gov/Archives/edgar/data/12927/000001292718000044/0000012927-18-000044-index.htm,8-K,N/A
2018-07-05,https://www.sec.gov/Archives/edgar/data/12927/000001292718000041/0000012927-18-000041-index.htm,8-K,N/A
2018-06-14,https://www.sec.gov/Archives/edgar/data/12927/000001292718000035/0000012927-18-000035-index.htm,11-K,N/A
2018-06-07,https://www.sec.gov/Archives/edgar/data/12927/000001292718000029/0000012927-18-000029-index.htm,8-K,N/A
2018-05-30,https://www.sec.gov/Archives/edgar/data/12927/000001292718000026/0000012927-18-000026-index.htm,SD,N/A
2018-05-01,https://www.sec.gov/Archives/edgar/data/12927/000001292718000021/0000012927-18-000021-index.htm,8-K,N/A
2018-05-01,https://www.sec.gov/Archives/edgar/data/12927/000119312518145009/0001193125-18-145009-index.htm,8-K,N/A
2018-04-25,https://www.sec.gov/Archives/edgar/data/12927/000001292718000018/0000012927-18-000018-index.htm,10-Q,https://www.sec.gov/Archives/edgar/data/12927/000001292718000018/ba-20180331.xml
2018-04-25,https://www.sec.gov/Archives/edgar/data/12927/000095012318003776/0000950123-18-003776-index.htm,8-K,N/A
2018-03-16,https://www.sec.gov/Archives/edgar/data/12927/000119312518085767/0001193125-18-085767-index.htm,DEFA14A,N/A
2018-03-16,https://www.sec.gov/Archives/edgar/data/12927/000119312518085742/0001193125-18-085742-index.htm,DEFA14A,N/A
2018-03-16,https://www.sec.gov/Archives/edgar/data/12927/000119312518085720/0001193125-18-085720-index.htm,DEF 14A,N/A
2018-02-23,https://www.sec.gov/Archives/edgar/data/12927/000119312518056076/0001193125-18-056076-index.htm,8-K,N/A
2018-02-22,https://www.sec.gov/Archives/edgar/data/12927/000119312518054139/0001193125-18-054139-index.htm,424B2,N/A
2018-02-21,https://www.sec.gov/Archives/edgar/data/12927/000119312518052102/0001193125-18-052102-index.htm,FWP,N/A
2018-02-21,https://www.sec.gov/Archives/edgar/data/12927/000119312518051212/0001193125-18-051212-index.htm,424B3,N/A
2018-02-14,https://www.sec.gov/Archives/edgar/data/12927/000142284918000019/0001422849-18-000019-index.htm,SC 13G/A,N/A
2018-02-13,https://www.sec.gov/Archives/edgar/data/12927/000117266118000502/0001172661-18-000502-index.htm,SC 13G,N/A
2018-02-13,https://www.sec.gov/Archives/edgar/data/12927/000009375118000055/0000093751-18-000055-index.htm,SC 13G/A,N/A
2018-02-12,https://www.sec.gov/Archives/edgar/data/12927/000001292718000007/0000012927-18-000007-index.htm,10-K,https://www.sec.gov/Archives/edgar/data/12927/000001292718000007/ba-20171231.xml
2018-02-08,https://www.sec.gov/Archives/edgar/data/12927/000093247118002798/0000932471-18-002798-index.htm,SC 13G/A,N/A
2018-02-08,https://www.sec.gov/Archives/edgar/data/12927/000021545718005043/0000215457-18-005043-index.htm,SC 13G/A,N/A
2018-02-02,https://www.sec.gov/Archives/edgar/data/12927/000117266118000229/0001172661-18-000229-index.htm,SC 13G/A,N/A
2018-01-31,https://www.sec.gov/Archives/edgar/data/12927/000095012318000555/0000950123-18-000555-index.htm,8-K,N/A
2017-12-18,https://www.sec.gov/Archives/edgar/data/12927/000001292717000086/0000012927-17-000086-index.htm,8-K,N/A
2017-12-15,https://www.sec.gov/Archives/edgar/data/12927/000001292717000084/0000012927-17-000084-index.htm,8-K,N/A
2017-12-11,https://www.sec.gov/Archives/edgar/data/12927/000001292717000082/0000012927-17-000082-index.htm,8-K,N/A
2017-11-03,https://www.sec.gov/Archives/edgar/data/12927/000001292717000080/0000012927-17-000080-index.htm,8-K,N/A
2017-10-25,https://www.sec.gov/Archives/edgar/data/12927/000001292717000073/0000012927-17-000073-index.htm,10-Q,https://www.sec.gov/Archives/edgar/data/12927/000001292717000073/ba-20170930.xml
2017-10-25,https://www.sec.gov/Archives/edgar/data/12927/000095012317009196/0000950123-17-009196-index.htm,8-K,N/A
2017-08-10,https://www.sec.gov/Archives/edgar/data/12927/000001292717000066/0000012927-17-000066-index.htm,8-K,N/A
2017-08-10,https://www.sec.gov/Archives/edgar/data/12927/000009375117000437/0000093751-17-000437-index.htm,SC 13G/A,N/A
2017-08-02,https://www.sec.gov/Archives/edgar/data/12927/000001292717000064/0000012927-17-000064-index.htm,S-3ASR,N/A
2017-08-02,https://www.sec.gov/Archives/edgar/data/12927/000001292717000061/0000012927-17-000061-index.htm,S-3ASR,N/A
2017-08-01,https://www.sec.gov/Archives/edgar/data/12927/000001292717000054/0000012927-17-000054-index.htm,8-K,N/A
2017-07-26,https://www.sec.gov/Archives/edgar/data/12927/000001292717000044/0000012927-17-000044-index.htm,10-Q,https://www.sec.gov/Archives/edgar/data/12927/000001292717000044/ba-20170630.xml
2017-07-26,https://www.sec.gov/Archives/edgar/data/12927/000095012317006317/0000950123-17-006317-index.htm,8-K,N/A
2017-06-28,https://www.sec.gov/Archives/edgar/data/12927/000001292717000040/0000012927-17-000040-index.htm,8-K,N/A
2017-06-23,https://www.sec.gov/Archives/edgar/data/12927/000001292717000036/0000012927-17-000036-index.htm,11-K,N/A
2017-05-30,https://www.sec.gov/Archives/edgar/data/12927/000001292717000032/0000012927-17-000032-index.htm,SD,N/A
2017-05-03,https://www.sec.gov/Archives/edgar/data/12927/000001292717000028/0000012927-17-000028-index.htm,8-K,N/A
2017-04-26,https://www.sec.gov/Archives/edgar/data/12927/000001292717000024/0000012927-17-000024-index.htm,10-Q,https://www.sec.gov/Archives/edgar/data/12927/000001292717000024/ba-20170331.xml
2017-04-26,https://www.sec.gov/Archives/edgar/data/12927/000095012317003588/0000950123-17-003588-index.htm,8-K,N/A
2017-03-17,https://www.sec.gov/Archives/edgar/data/12927/000119312517087223/0001193125-17-087223-index.htm,DEFA14A,N/A
2017-03-17,https://www.sec.gov/Archives/edgar/data/12927/000119312517087215/0001193125-17-087215-index.htm,DEFA14A,N/A
2017-03-17,https://www.sec.gov/Archives/edgar/data/12927/000119312517087206/0001193125-17-087206-index.htm,DEF 14A,N/A
2017-02-16,https://www.sec.gov/Archives/edgar/data/12927/000119312517046619/0001193125-17-046619-index.htm,8-K,N/A
2017-02-15,https://www.sec.gov/Archives/edgar/data/12927/000119312517045427/0001193125-17-045427-index.htm,424B2,N/A
2017-02-14,https://www.sec.gov/Archives/edgar/data/12927/000119312517043808/0001193125-17-043808-index.htm,FWP,N/A
2017-02-14,https://www.sec.gov/Archives/edgar/data/12927/000009375117000232/0000093751-17-000232-index.htm,SC 13G,N/A
2017-02-14,https://www.sec.gov/Archives/edgar/data/12927/000119312517041994/0001193125-17-041994-index.htm,424B3,N/A
2017-02-13,https://www.sec.gov/Archives/edgar/data/12927/000142284917000015/0001422849-17-000015-index.htm,SC 13G/A,N/A
2017-02-13,https://www.sec.gov/Archives/edgar/data/12927/000117266117000529/0001172661-17-000529-index.htm,SC 13G/A,N/A
2017-02-10,https://www.sec.gov/Archives/edgar/data/12927/000093247117001753/0000932471-17-001753-index.htm,SC 13G/A,N/A
2017-02-10,https://www.sec.gov/Archives/edgar/data/12927/000001292717000014/0000012927-17-000014-index.htm,IRANNOTICE,N/A
2017-02-10,https://www.sec.gov/Archives/edgar/data/12927/000001292717000012/0000012927-17-000012-index.htm,10-K/A,N/A
2017-02-08,https://www.sec.gov/Archives/edgar/data/12927/000001292717000006/0000012927-17-000006-index.htm,10-K,https://www.sec.gov/Archives/edgar/data/12927/000001292717000006/ba-20161231.xml
2017-02-07,https://www.sec.gov/Archives/edgar/data/12927/000008025517000884/0000080255-17-000884-index.htm,SC 13G/A,N/A
2017-01-30,https://www.sec.gov/Archives/edgar/data/12927/999999999717001616/9999999997-17-001616-index.htm,NO ACT,N/A
2017-01-30,https://www.sec.gov/Archives/edgar/data/12927/000021545717002180/0000215457-17-002180-index.htm,SC 13G,N/A
2017-01-25,https://www.sec.gov/Archives/edgar/data/12927/000095012317000426/0000950123-17-000426-index.htm,8-K,N/A
2017-01-06,https://www.sec.gov/Archives/edgar/data/12927/999999999717001621/9999999997-17-001621-index.htm,NO ACT,N/A
2016-12-12,https://www.sec.gov/Archives/edgar/data/12927/000001292716000170/0000012927-16-000170-index.htm,8-K,N/A
2016-11-21,https://www.sec.gov/Archives/edgar/data/12927/000001292716000165/0000012927-16-000165-index.htm,8-K,N/A
2016-11-08,https://www.sec.gov/Archives/edgar/data/12927/000001292716000159/0000012927-16-000159-index.htm,8-K,N/A
2016-10-26,https://www.sec.gov/Archives/edgar/data/12927/000001292716000153/0000012927-16-000153-index.htm,10-Q,https://www.sec.gov/Archives/edgar/data/12927/000001292716000153/ba-20160930.xml
2016-10-26,https://www.sec.gov/Archives/edgar/data/12927/000095012316020852/0000950123-16-020852-index.htm,8-K,N/A
2016-10-14,https://www.sec.gov/Archives/edgar/data/12927/000001292716000147/0000012927-16-000147-index.htm,8-K,N/A
2016-07-27,https://www.sec.gov/Archives/edgar/data/12927/000001292716000143/0000012927-16-000143-index.htm,10-Q,https://www.sec.gov/Archives/edgar/data/12927/000001292716000143/ba-20160630.xml
2016-07-27,https://www.sec.gov/Archives/edgar/data/12927/000095012316018547/0000950123-16-018547-index.htm,8-K,N/A
2016-07-21,https://www.sec.gov/Archives/edgar/data/12927/000001292716000137/0000012927-16-000137-index.htm,8-K,N/A
2016-06-28,https://www.sec.gov/Archives/edgar/data/12927/000001292716000134/0000012927-16-000134-index.htm,11-K,N/A
2016-06-08,https://www.sec.gov/Archives/edgar/data/12927/000000000016079789/0000000000-16-079789-index.htm,UPLOAD,N/A
2016-05-27,https://www.sec.gov/Archives/edgar/data/12927/000001292716000129/0000012927-16-000129-index.htm,SD,N/A
2016-05-25,https://www.sec.gov/Archives/edgar/data/12927/000001292716000124/0000012927-16-000124-index.htm,CORRESP,N/A
2016-05-18,https://www.sec.gov/Archives/edgar/data/12927/000119312516594567/0001193125-16-594567-index.htm,8-K,N/A
2016-05-17,https://www.sec.gov/Archives/edgar/data/12927/000119312516593135/0001193125-16-593135-index.htm,424B2,N/A
2016-05-17,https://www.sec.gov/Archives/edgar/data/12927/000119312516592126/0001193125-16-592126-index.htm,FWP,N/A
2016-05-16,https://www.sec.gov/Archives/edgar/data/12927/000119312516591211/0001193125-16-591211-index.htm,424B3,N/A
2016-05-13,https://www.sec.gov/Archives/edgar/data/12927/000000000016076390/0000000000-16-076390-index.htm,UPLOAD,N/A
2016-05-04,https://www.sec.gov/Archives/edgar/data/12927/000001292716000119/0000012927-16-000119-index.htm,8-K,N/A
2016-04-27,https://www.sec.gov/Archives/edgar/data/12927/000001292716000114/0000012927-16-000114-index.htm,IRANNOTICE,N/A
2016-04-27,https://www.sec.gov/Archives/edgar/data/12927/000001292716000113/0000012927-16-000113-index.htm,10-Q,https://www.sec.gov/Archives/edgar/data/12927/000001292716000113/ba-20160331.xml
2016-04-27,https://www.sec.gov/Archives/edgar/data/12927/000095012316016033/0000950123-16-016033-index.htm,8-K,N/A
2016-04-20,https://www.sec.gov/Archives/edgar/data/12927/000001292716000109/0000012927-16-000109-index.htm,CORRESP,N/A
2016-04-12,https://www.sec.gov/Archives/edgar/data/12927/000000000016071769/0000000000-16-071769-index.htm,UPLOAD,N/A
2016-03-18,https://www.sec.gov/Archives/edgar/data/12927/000119312516510220/0001193125-16-510220-index.htm,DEFA14A,N/A
2016-03-18,https://www.sec.gov/Archives/edgar/data/12927/000119312516510214/0001193125-16-510214-index.htm,DEFA14A,N/A
2016-03-18,https://www.sec.gov/Archives/edgar/data/12927/000119312516510202/0001193125-16-510202-index.htm,DEF 14A,N/A
2016-02-23,https://www.sec.gov/Archives/edgar/data/12927/000001292716000105/0000012927-16-000105-index.htm,8-K,N/A
2016-02-16,https://www.sec.gov/Archives/edgar/data/12927/000009375116000382/0000093751-16-000382-index.htm,SC 13G,N/A
2016-02-12,https://www.sec.gov/Archives/edgar/data/12927/000142284916000560/0001422849-16-000560-index.htm,SC 13G/A,N/A
2016-02-10,https://www.sec.gov/Archives/edgar/data/12927/000117266116002518/0001172661-16-002518-index.htm,SC 13G/A,N/A
2016-02-10,https://www.sec.gov/Archives/edgar/data/12927/000001292716000100/0000012927-16-000100-index.htm,IRANNOTICE,N/A
2016-02-10,https://www.sec.gov/Archives/edgar/data/12927/000001292716000099/0000012927-16-000099-index.htm,10-K,https://www.sec.gov/Archives/edgar/data/12927/000001292716000099/ba-20151231.xml
2016-02-10,https://www.sec.gov/Archives/edgar/data/12927/000093247116010900/0000932471-16-010900-index.htm,SC 13G/A,N/A
2016-02-09,https://www.sec.gov/Archives/edgar/data/12927/000008025516000788/0000080255-16-000788-index.htm,SC 13G/A,N/A
2016-02-05,https://www.sec.gov/Archives/edgar/data/12927/999999999716016843/9999999997-16-016843-index.htm,NO ACT,N/A
2016-02-03,https://www.sec.gov/Archives/edgar/data/12927/999999999716016963/9999999997-16-016963-index.htm,NO ACT,N/A
2016-01-28,https://www.sec.gov/Archives/edgar/data/12927/000001292716000094/0000012927-16-000094-index.htm,8-K,N/A
2016-01-27,https://www.sec.gov/Archives/edgar/data/12927/000095012316013052/0000950123-16-013052-index.htm,8-K,N/A
2016-01-21,https://www.sec.gov/Archives/edgar/data/12927/000001292716000086/0000012927-16-000086-index.htm,8-K,N/A
2015-12-15,https://www.sec.gov/Archives/edgar/data/12927/000001292715000083/0000012927-15-000083-index.htm,8-K,N/A
2015-11-06,https://www.sec.gov/Archives/edgar/data/12927/000001292715000076/0000012927-15-000076-index.htm,8-K,N/A
2015-10-29,https://www.sec.gov/Archives/edgar/data/12927/000119312515358144/0001193125-15-358144-index.htm,8-K,N/A
2015-10-28,https://www.sec.gov/Archives/edgar/data/12927/000119312515356438/0001193125-15-356438-index.htm,424B2,N/A
2015-10-28,https://www.sec.gov/Archives/edgar/data/12927/000119312515355014/0001193125-15-355014-index.htm,FWP,N/A
2015-10-27,https://www.sec.gov/Archives/edgar/data/12927/000119312515354053/0001193125-15-354053-index.htm,424B3,N/A
2015-10-26,https://www.sec.gov/Archives/edgar/data/12927/000001292715000071/0000012927-15-000071-index.htm,8-K,N/A
2015-10-21,https://www.sec.gov/Archives/edgar/data/12927/000001292715000068/0000012927-15-000068-index.htm,10-Q,https://www.sec.gov/Archives/edgar/data/12927/000001292715000068/ba-20150930.xml
2015-10-21,https://www.sec.gov/Archives/edgar/data/12927/000095012315010348/0000950123-15-010348-index.htm,8-K,N/A
2015-08-13,https://www.sec.gov/Archives/edgar/data/12927/000001292715000061/0000012927-15-000061-index.htm,8-K,N/A
2015-07-22,https://www.sec.gov/Archives/edgar/data/12927/000001292715000057/0000012927-15-000057-index.htm,IRANNOTICE,N/A
2015-07-22,https://www.sec.gov/Archives/edgar/data/12927/000001292715000055/0000012927-15-000055-index.htm,10-Q,https://www.sec.gov/Archives/edgar/data/12927/000001292715000055/ba-20150630.xml
2015-07-22,https://www.sec.gov/Archives/edgar/data/12927/000095012315007564/0000950123-15-007564-index.htm,8-K,N/A
2015-07-17,https://www.sec.gov/Archives/edgar/data/12927/000001292715000050/0000012927-15-000050-index.htm,8-K,N/A
2015-07-07,https://www.sec.gov/Archives/edgar/data/12927/000000000015035360/0000000000-15-035360-index.htm,UPLOAD,N/A
2015-06-26,https://www.sec.gov/Archives/edgar/data/12927/000001292715000043/0000012927-15-000043-index.htm,CORRESP,N/A
2015-06-26,https://www.sec.gov/Archives/edgar/data/12927/000001292715000040/0000012927-15-000040-index.htm,11-K,N/A
2015-06-23,https://www.sec.gov/Archives/edgar/data/12927/000001292715000035/0000012927-15-000035-index.htm,8-K,N/A
2015-06-12,https://www.sec.gov/Archives/edgar/data/12927/000000000015031423/0000000000-15-031423-index.htm,UPLOAD,N/A
2015-06-10,https://www.sec.gov/Archives/edgar/data/12927/000021545715000603/0000215457-15-000603-index.htm,SC 13G/A,N/A
2015-05-29,https://www.sec.gov/Archives/edgar/data/12927/000001292715000029/0000012927-15-000029-index.htm,SD,N/A
2015-04-29,https://www.sec.gov/Archives/edgar/data/12927/000001292715000025/0000012927-15-000025-index.htm,8-K,N/A
2015-04-22,https://www.sec.gov/Archives/edgar/data/12927/000001292715000019/0000012927-15-000019-index.htm,10-Q,https://www.sec.gov/Archives/edgar/data/12927/000001292715000019/ba-20150331.xml
2015-04-22,https://www.sec.gov/Archives/edgar/data/12927/000095012315004560/0000950123-15-004560-index.htm,8-K,N/A
2015-03-16,https://www.sec.gov/Archives/edgar/data/12927/999999999715006839/9999999997-15-006839-index.htm,ARS,N/A
2015-03-13,https://www.sec.gov/Archives/edgar/data/12927/000119312515091016/0001193125-15-091016-index.htm,DEFA14A,N/A
2015-03-13,https://www.sec.gov/Archives/edgar/data/12927/000119312515090995/0001193125-15-090995-index.htm,DEFA14A,N/A
2015-03-13,https://www.sec.gov/Archives/edgar/data/12927/000119312515090972/0001193125-15-090972-index.htm,DEF 14A,N/A
2015-03-04,https://www.sec.gov/Archives/edgar/data/12927/999999999715002925/9999999997-15-002925-index.htm,NO ACT,N/A
2015-02-26,https://www.sec.gov/Archives/edgar/data/12927/999999999715002589/9999999997-15-002589-index.htm,NO ACT,N/A
2015-02-26,https://www.sec.gov/Archives/edgar/data/12927/000119312515065643/0001193125-15-065643-index.htm,S-3ASR,N/A
2015-02-20,https://www.sec.gov/Archives/edgar/data/12927/000119312515056490/0001193125-15-056490-index.htm,8-K,N/A
2015-02-20,https://www.sec.gov/Archives/edgar/data/12927/000119312515054792/0001193125-15-054792-index.htm,424B2,N/A
2015-02-19,https://www.sec.gov/Archives/edgar/data/12927/000119312515052938/0001193125-15-052938-index.htm,FWP,N/A
2015-02-18,https://www.sec.gov/Archives/edgar/data/12927/000119312515051665/0001193125-15-051665-index.htm,424B3,N/A
2015-02-13,https://www.sec.gov/Archives/edgar/data/12927/000142284915000183/0001422849-15-000183-index.htm,SC 13G/A,N/A
2015-02-12,https://www.sec.gov/Archives/edgar/data/12927/000001292715000013/0000012927-15-000013-index.htm,IRANNOTICE,N/A
2015-02-12,https://www.sec.gov/Archives/edgar/data/12927/000001292715000011/0000012927-15-000011-index.htm,10-K,https://www.sec.gov/Archives/edgar/data/12927/000001292715000011/ba-20141231.xml
2015-02-12,https://www.sec.gov/Archives/edgar/data/12927/000008025515000350/0000080255-15-000350-index.htm,SC 13G,N/A
2015-02-11,https://www.sec.gov/Archives/edgar/data/12927/000151905815000063/0001519058-15-000063-index.htm,SC 13G,N/A
2015-02-11,https://www.sec.gov/Archives/edgar/data/12927/000093247115004969/0000932471-15-004969-index.htm,SC 13G,N/A
2015-02-10,https://www.sec.gov/Archives/edgar/data/12927/000001292715000004/0000012927-15-000004-index.htm,8-K,N/A
2015-02-10,https://www.sec.gov/Archives/edgar/data/12927/000117266115000315/0001172661-15-000315-index.htm,SC 13G/A,N/A
2015-02-06,https://www.sec.gov/Archives/edgar/data/12927/000021545715000016/0000215457-15-000016-index.htm,SC 13G,N/A
2015-01-28,https://www.sec.gov/Archives/edgar/data/12927/000095012315000561/0000950123-15-000561-index.htm,8-K,N/A
2015-01-27,https://www.sec.gov/Archives/edgar/data/12927/999999999715000683/9999999997-15-000683-index.htm,NO ACT,N/A
2015-01-14,https://www.sec.gov/Archives/edgar/data/12927/999999999715000979/9999999997-15-000979-index.htm,NO ACT,N/A
2015-01-07,https://www.sec.gov/Archives/edgar/data/12927/999999999715000196/9999999997-15-000196-index.htm,NO ACT,N/A
2014-12-19,https://www.sec.gov/Archives/edgar/data/12927/000001292714000070/0000012927-14-000070-index.htm,8-K,N/A
2014-12-15,https://www.sec.gov/Archives/edgar/data/12927/000001292714000065/0000012927-14-000065-index.htm,8-K,N/A
2014-10-31,https://www.sec.gov/Archives/edgar/data/12927/000119312514392030/0001193125-14-392030-index.htm,8-K,N/A
2014-10-29,https://www.sec.gov/Archives/edgar/data/12927/000119312514387465/0001193125-14-387465-index.htm,424B2,N/A
2014-10-29,https://www.sec.gov/Archives/edgar/data/12927/000119312514385518/0001193125-14-385518-index.htm,FWP,N/A
2014-10-28,https://www.sec.gov/Archives/edgar/data/12927/000119312514384199/0001193125-14-384199-index.htm,424B3,N/A
2014-10-22,https://www.sec.gov/Archives/edgar/data/12927/000001292714000059/0000012927-14-000059-index.htm,IRANNOTICE,N/A
2014-10-22,https://www.sec.gov/Archives/edgar/data/12927/000001292714000057/0000012927-14-000057-index.htm,10-Q,https://www.sec.gov/Archives/edgar/data/12927/000001292714000057/ba-20140930.xml
2014-10-22,https://www.sec.gov/Archives/edgar/data/12927/000095012314010390/0000950123-14-010390-index.htm,8-K,N/A
2014-10-16,https://www.sec.gov/Archives/edgar/data/12927/000001292714000049/0000012927-14-000049-index.htm,8-K,N/A
2014-07-23,https://www.sec.gov/Archives/edgar/data/12927/000001292714000044/0000012927-14-000044-index.htm,IRANNOTICE,N/A
2014-07-23,https://www.sec.gov/Archives/edgar/data/12927/000001292714000042/0000012927-14-000042-index.htm,10-Q,https://www.sec.gov/Archives/edgar/data/12927/000001292714000042/ba-20140630.xml
2014-07-23,https://www.sec.gov/Archives/edgar/data/12927/000095012314007318/0000950123-14-007318-index.htm,8-K,N/A
2014-06-24,https://www.sec.gov/Archives/edgar/data/12927/000001292714000037/0000012927-14-000037-index.htm,11-K,N/A
2014-06-02,https://www.sec.gov/Archives/edgar/data/12927/000001292714000032/0000012927-14-000032-index.htm,SD,N/A
2014-05-12,https://www.sec.gov/Archives/edgar/data/12927/000119312514194937/0001193125-14-194937-index.htm,8-K,N/A
2014-05-07,https://www.sec.gov/Archives/edgar/data/12927/000119312514187653/0001193125-14-187653-index.htm,S-8,N/A
2014-04-30,https://www.sec.gov/Archives/edgar/data/12927/000001292714000027/0000012927-14-000027-index.htm,8-K,N/A
2014-04-23,https://www.sec.gov/Archives/edgar/data/12927/000001292714000022/0000012927-14-000022-index.htm,10-Q,https://www.sec.gov/Archives/edgar/data/12927/000001292714000022/ba-20140331.xml
2014-04-23,https://www.sec.gov/Archives/edgar/data/12927/000095012314004017/0000950123-14-004017-index.htm,8-K,N/A
2014-04-11,https://www.sec.gov/Archives/edgar/data/12927/000000000014018432/0000000000-14-018432-index.htm,UPLOAD,N/A
2014-03-31,https://www.sec.gov/Archives/edgar/data/12927/000001292714000017/0000012927-14-000017-index.htm,CORRESP,N/A
2014-03-18,https://www.sec.gov/Archives/edgar/data/12927/999999999714003698/9999999997-14-003698-index.htm,ARS,N/A
2014-03-18,https://www.sec.gov/Archives/edgar/data/12927/000000000014013477/0000000000-14-013477-index.htm,UPLOAD,N/A
2014-03-14,https://www.sec.gov/Archives/edgar/data/12927/999999999714004225/9999999997-14-004225-index.htm,NO ACT,N/A
2014-03-14,https://www.sec.gov/Archives/edgar/data/12927/000119312514099768/0001193125-14-099768-index.htm,DEFA14A,N/A
2014-03-14,https://www.sec.gov/Archives/edgar/data/12927/000119312514099755/0001193125-14-099755-index.htm,DEF 14A,N/A
2014-03-11,https://www.sec.gov/Archives/edgar/data/12927/000001292714000015/0000012927-14-000015-index.htm,8-K,N/A
2014-02-28,https://www.sec.gov/Archives/edgar/data/12927/000001292714000010/0000012927-14-000010-index.htm,8-K,N/A
2014-02-27,https://www.sec.gov/Archives/edgar/data/12927/000001292714000007/0000012927-14-000007-index.htm,8-K,N/A
2014-02-25,https://www.sec.gov/Archives/edgar/data/12927/999999999714004213/9999999997-14-004213-index.htm,NO ACT,N/A
2014-02-14,https://www.sec.gov/Archives/edgar/data/12927/000001292714000004/0000012927-14-000004-index.htm,10-K,https://www.sec.gov/Archives/edgar/data/12927/000001292714000004/ba-20131231.xml
2014-02-13,https://www.sec.gov/Archives/edgar/data/12927/000117266114000461/0001172661-14-000461-index.htm,SC 13G/A,N/A
2014-02-13,https://www.sec.gov/Archives/edgar/data/12927/000142284914000157/0001422849-14-000157-index.htm,SC 13G/A,N/A
2014-02-11,https://www.sec.gov/Archives/edgar/data/12927/000117266114000321/0001172661-14-000321-index.htm,SC 13G/A,N/A
2014-02-03,https://www.sec.gov/Archives/edgar/data/12927/000151905814000019/0001519058-14-000019-index.htm,SC 13G,N/A
2014-01-29,https://www.sec.gov/Archives/edgar/data/12927/000095012314000750/0000950123-14-000750-index.htm,8-K,N/A
2014-01-21,https://www.sec.gov/Archives/edgar/data/12927/999999999714000810/9999999997-14-000810-index.htm,NO ACT,N/A
2013-12-19,https://www.sec.gov/Archives/edgar/data/12927/000001292713000051/0000012927-13-000051-index.htm,8-K,N/A
2013-12-16,https://www.sec.gov/Archives/edgar/data/12927/000001292713000047/0000012927-13-000047-index.htm,8-K,N/A
2013-10-31,https://www.sec.gov/Archives/edgar/data/12927/000001292713000044/0000012927-13-000044-index.htm,8-K,N/A
2013-10-23,https://www.sec.gov/Archives/edgar/data/12927/000001292713000041/0000012927-13-000041-index.htm,10-Q,https://www.sec.gov/Archives/edgar/data/12927/000001292713000041/ba-20130930.xml
2013-10-23,https://www.sec.gov/Archives/edgar/data/12927/000095012313008052/0000950123-13-008052-index.htm,8-K,N/A
2013-08-09,https://www.sec.gov/Archives/edgar/data/12927/000108636413004005/0001086364-13-004005-index.htm,SC 13G/A,N/A
2013-07-24,https://www.sec.gov/Archives/edgar/data/12927/000001292713000035/0000012927-13-000035-index.htm,10-Q,https://www.sec.gov/Archives/edgar/data/12927/000001292713000035/ba-20130630.xml
2013-07-24,https://www.sec.gov/Archives/edgar/data/12927/000095012313004896/0000950123-13-004896-index.htm,8-K,N/A
2013-06-26,https://www.sec.gov/Archives/edgar/data/12927/000001292713000030/0000012927-13-000030-index.htm,11-K,N/A
2013-05-03,https://www.sec.gov/Archives/edgar/data/12927/000119312513199056/0001193125-13-199056-index.htm,8-K,N/A
2013-05-01,https://www.sec.gov/Archives/edgar/data/12927/000119312513191799/0001193125-13-191799-index.htm,424B2,N/A
2013-04-30,https://www.sec.gov/Archives/edgar/data/12927/000001292713000026/0000012927-13-000026-index.htm,8-K,N/A
2013-04-30,https://www.sec.gov/Archives/edgar/data/12927/000119312513187809/0001193125-13-187809-index.htm,FWP,N/A
2013-04-30,https://www.sec.gov/Archives/edgar/data/12927/000119312513184710/0001193125-13-184710-index.htm,424B3,N/A
2013-04-24,https://www.sec.gov/Archives/edgar/data/12927/000001292713000023/0000012927-13-000023-index.htm,10-Q,https://www.sec.gov/Archives/edgar/data/12927/000001292713000023/ba-20130331.xml
2013-04-24,https://www.sec.gov/Archives/edgar/data/12927/000095012313002570/0000950123-13-002570-index.htm,8-K,N/A
2013-04-22,https://www.sec.gov/Archives/edgar/data/12927/000119312513165180/0001193125-13-165180-index.htm,DEFA14A,N/A
2013-04-16,https://www.sec.gov/Archives/edgar/data/12927/000119312513157072/0001193125-13-157072-index.htm,DEFA14A,N/A
2013-03-18,https://www.sec.gov/Archives/edgar/data/12927/999999999713005412/9999999997-13-005412-index.htm,ARS,N/A
2013-03-15,https://www.sec.gov/Archives/edgar/data/12927/000119312513109835/0001193125-13-109835-index.htm,DEFA14A,N/A
2013-03-15,https://www.sec.gov/Archives/edgar/data/12927/000119312513109822/0001193125-13-109822-index.htm,DEF 14A,N/A
2013-02-28,https://www.sec.gov/Archives/edgar/data/12927/000151905813000178/0001519058-13-000178-index.htm,SC 13G/A,N/A
2013-02-13,https://www.sec.gov/Archives/edgar/data/12927/000142284913000188/0001422849-13-000188-index.htm,SC 13G/A,N/A
2013-02-12,https://www.sec.gov/Archives/edgar/data/12927/000151905813000166/0001519058-13-000166-index.htm,SC 13G,N/A
2013-02-12,https://www.sec.gov/Archives/edgar/data/12927/000117266113000309/0001172661-13-000309-index.htm,SC 13G/A,N/A
2013-02-11,https://www.sec.gov/Archives/edgar/data/12927/000001292713000014/0000012927-13-000014-index.htm,10-K,https://www.sec.gov/Archives/edgar/data/12927/000001292713000014/ba-20121231.xml
2013-02-08,https://www.sec.gov/Archives/edgar/data/12927/000130522713000366/0001305227-13-000366-index.htm,SC 13G/A,N/A
2013-01-30,https://www.sec.gov/Archives/edgar/data/12927/000119312513029057/0001193125-13-029057-index.htm,8-K,N/A
2013-01-29,https://www.sec.gov/Archives/edgar/data/12927/999999999713000708/9999999997-13-000708-index.htm,NO ACT,N/A
2013-01-24,https://www.sec.gov/Archives/edgar/data/12927/999999999713007600/9999999997-13-007600-index.htm,NO ACT,N/A
2013-01-23,https://www.sec.gov/Archives/edgar/data/12927/000001292713000006/0000012927-13-000006-index.htm,8-K,N/A
2013-01-22,https://www.sec.gov/Archives/edgar/data/12927/999999999713000543/9999999997-13-000543-index.htm,NO ACT,N/A
2013-01-17,https://www.sec.gov/Archives/edgar/data/12927/000001292713000004/0000012927-13-000004-index.htm,8-K,N/A
2013-01-11,https://www.sec.gov/Archives/edgar/data/12927/000001292713000002/0000012927-13-000002-index.htm,8-K,N/A
2012-12-19,https://www.sec.gov/Archives/edgar/data/12927/000001292712000029/0000012927-12-000029-index.htm,8-K,N/A
2012-12-17,https://www.sec.gov/Archives/edgar/data/12927/000001292712000026/0000012927-12-000026-index.htm,8-K,N/A
2012-10-24,https://www.sec.gov/Archives/edgar/data/12927/000001292712000024/0000012927-12-000024-index.htm,10-Q,https://www.sec.gov/Archives/edgar/data/12927/000001292712000024/ba-20120930.xml
2012-10-24,https://www.sec.gov/Archives/edgar/data/12927/000119312512432346/0001193125-12-432346-index.htm,8-K,N/A
2012-10-17,https://www.sec.gov/Archives/edgar/data/12927/000001292712000019/0000012927-12-000019-index.htm,8-K,N/A
2012-10-05,https://www.sec.gov/Archives/edgar/data/12927/000000000012055236/0000000000-12-055236-index.htm,UPLOAD,N/A
2012-09-28,https://www.sec.gov/Archives/edgar/data/12927/000001292712000015/0000012927-12-000015-index.htm,CORRESP,N/A
2012-09-14,https://www.sec.gov/Archives/edgar/data/12927/000000000012050261/0000000000-12-050261-index.htm,UPLOAD,N/A
2012-08-29,https://www.sec.gov/Archives/edgar/data/12927/000119312512372201/0001193125-12-372201-index.htm,8-K,N/A
2012-07-25,https://www.sec.gov/Archives/edgar/data/12927/000001292712000012/0000012927-12-000012-index.htm,10-Q,https://www.sec.gov/Archives/edgar/data/12927/000001292712000012/ba-20120630.xml
2012-07-25,https://www.sec.gov/Archives/edgar/data/12927/000119312512313392/0001193125-12-313392-index.htm,8-K,N/A
2012-06-26,https://www.sec.gov/Archives/edgar/data/12927/000119312512283939/0001193125-12-283939-index.htm,8-K,N/A
2012-06-26,https://www.sec.gov/Archives/edgar/data/12927/000119312512283554/0001193125-12-283554-index.htm,11-K,N/A
2012-05-03,https://www.sec.gov/Archives/edgar/data/12927/000119312512207223/0001193125-12-207223-index.htm,8-K,N/A
2012-04-25,https://www.sec.gov/Archives/edgar/data/12927/000119312512181463/0001193125-12-181463-index.htm,10-Q,https://www.sec.gov/Archives/edgar/data/12927/000119312512181463/ba-20120331.xml
2012-04-25,https://www.sec.gov/Archives/edgar/data/12927/000119312512180335/0001193125-12-180335-index.htm,8-K,N/A
2012-03-19,https://www.sec.gov/Archives/edgar/data/12927/999999999712004653/9999999997-12-004653-index.htm,ARS,N/A
2012-03-16,https://www.sec.gov/Archives/edgar/data/12927/000119312512119535/0001193125-12-119535-index.htm,DEF 14A,N/A
2012-02-29,https://www.sec.gov/Archives/edgar/data/12927/000119312512089717/0001193125-12-089717-index.htm,S-3ASR,N/A
2012-02-29,https://www.sec.gov/Archives/edgar/data/12927/000119312512087727/0001193125-12-087727-index.htm,8-K,N/A
2012-02-16,https://www.sec.gov/Archives/edgar/data/12927/999999999712002116/9999999997-12-002116-index.htm,NO ACT,N/A
2012-02-13,https://www.sec.gov/Archives/edgar/data/12927/000117266112000103/0001172661-12-000103-index.htm,SC 13G/A,N/A
2012-02-13,https://www.sec.gov/Archives/edgar/data/12927/000151905812000105/0001519058-12-000105-index.htm,SC 13G,N/A
2012-02-10,https://www.sec.gov/Archives/edgar/data/12927/000142284912000182/0001422849-12-000182-index.htm,SC 13G/A,N/A
2012-02-09,https://www.sec.gov/Archives/edgar/data/12927/000119312512048565/0001193125-12-048565-index.htm,10-K,https://www.sec.gov/Archives/edgar/data/12927/000119312512048565/ba-20111231.xml
2012-02-09,https://www.sec.gov/Archives/edgar/data/12927/000108636412000448/0001086364-12-000448-index.htm,SC 13G,N/A
2012-02-08,https://www.sec.gov/Archives/edgar/data/12927/999999999712001403/9999999997-12-001403-index.htm,NO ACT,N/A
2012-01-31,https://www.sec.gov/Archives/edgar/data/12927/999999999712000735/9999999997-12-000735-index.htm,NO ACT,N/A
2012-01-25,https://www.sec.gov/Archives/edgar/data/12927/000119312512022591/0001193125-12-022591-index.htm,8-K,N/A
2012-01-19,https://www.sec.gov/Archives/edgar/data/12927/999999999712000593/9999999997-12-000593-index.htm,NO ACT,N/A
2011-12-15,https://www.sec.gov/Archives/edgar/data/12927/000119312511342489/0001193125-11-342489-index.htm,8-K/A,N/A
2011-11-14,https://www.sec.gov/Archives/edgar/data/12927/000119312511311426/0001193125-11-311426-index.htm,8-K,N/A
2011-11-01,https://www.sec.gov/Archives/edgar/data/12927/000119312511290280/0001193125-11-290280-index.htm,8-K,N/A
2011-10-26,https://www.sec.gov/Archives/edgar/data/12927/000119312511281613/0001193125-11-281613-index.htm,10-Q,https://www.sec.gov/Archives/edgar/data/12927/000119312511281613/ba-20110930.xml
2011-10-26,https://www.sec.gov/Archives/edgar/data/12927/000119312511281198/0001193125-11-281198-index.htm,8-K,N/A
2011-10-04,https://www.sec.gov/Archives/edgar/data/12927/000119312511263619/0001193125-11-263619-index.htm,8-K,N/A
2011-08-30,https://www.sec.gov/Archives/edgar/data/12927/000119312511236676/0001193125-11-236676-index.htm,8-K/A,N/A
2011-08-30,https://www.sec.gov/Archives/edgar/data/12927/000119312511236668/0001193125-11-236668-index.htm,8-K,N/A
2011-07-27,https://www.sec.gov/Archives/edgar/data/12927/000119312511198584/0001193125-11-198584-index.htm,10-Q,https://www.sec.gov/Archives/edgar/data/12927/000119312511198584/ba-20110630.xml
2011-07-27,https://www.sec.gov/Archives/edgar/data/12927/000119312511198004/0001193125-11-198004-index.htm,8-K,N/A
2011-06-27,https://www.sec.gov/Archives/edgar/data/12927/000119312511174488/0001193125-11-174488-index.htm,11-K,N/A
2011-06-14,https://www.sec.gov/Archives/edgar/data/12927/000119312511164654/0001193125-11-164654-index.htm,8-K,N/A
2011-05-03,https://www.sec.gov/Archives/edgar/data/12927/000119312511123656/0001193125-11-123656-index.htm,8-K,N/A
2011-04-27,https://www.sec.gov/Archives/edgar/data/12927/000119312511111215/0001193125-11-111215-index.htm,10-Q,https://www.sec.gov/Archives/edgar/data/12927/000119312511111215/ba-20110331.xml
2011-04-27,https://www.sec.gov/Archives/edgar/data/12927/000119312511110686/0001193125-11-110686-index.htm,8-K,N/A
2011-04-13,https://www.sec.gov/Archives/edgar/data/12927/000000000011023258/0000000000-11-023258-index.htm,UPLOAD,N/A
2011-04-13,https://www.sec.gov/Archives/edgar/data/12927/000119312511096465/0001193125-11-096465-index.htm,CORRESP,N/A
2011-04-06,https://www.sec.gov/Archives/edgar/data/12927/000000000011021170/0000000000-11-021170-index.htm,UPLOAD,N/A
2011-03-21,https://www.sec.gov/Archives/edgar/data/12927/999999999711006050/9999999997-11-006050-index.htm,ARS,N/A
2011-03-18,https://www.sec.gov/Archives/edgar/data/12927/000119312511071122/0001193125-11-071122-index.htm,DEF 14A,N/A
2011-03-02,https://www.sec.gov/Archives/edgar/data/12927/999999999711003162/9999999997-11-003162-index.htm,NO ACT,N/A
2011-02-17,https://www.sec.gov/Archives/edgar/data/12927/999999999711001743/9999999997-11-001743-index.htm,NO ACT,N/A
2011-02-14,https://www.sec.gov/Archives/edgar/data/12927/999999999711001456/9999999997-11-001456-index.htm,NO ACT,N/A
2011-02-14,https://www.sec.gov/Archives/edgar/data/12927/000117266111000196/0001172661-11-000196-index.htm,SC 13G/A,N/A
2011-02-14,https://www.sec.gov/Archives/edgar/data/12927/000142284911000165/0001422849-11-000165-index.htm,SC 13G/A,N/A
2011-02-11,https://www.sec.gov/Archives/edgar/data/12927/000009374811000012/0000093748-11-000012-index.htm,SC 13G,N/A
2011-02-09,https://www.sec.gov/Archives/edgar/data/12927/000119312511028490/0001193125-11-028490-index.htm,10-K,https://www.sec.gov/Archives/edgar/data/12927/000119312511028490/ba-20101231.xml
2011-02-04,https://www.sec.gov/Archives/edgar/data/12927/999999999711000932/9999999997-11-000932-index.htm,NO ACT,N/A
2011-01-26,https://www.sec.gov/Archives/edgar/data/12927/000119312511014362/0001193125-11-014362-index.htm,8-K,N/A
2011-01-11,https://www.sec.gov/Archives/edgar/data/12927/000119312511005963/0001193125-11-005963-index.htm,8-K,N/A
2010-12-03,https://www.sec.gov/Archives/edgar/data/12927/000119312510273463/0001193125-10-273463-index.htm,8-K,N/A
2010-11-16,https://www.sec.gov/Archives/edgar/data/12927/000119312510262146/0001193125-10-262146-index.htm,8-K,N/A
2010-10-20,https://www.sec.gov/Archives/edgar/data/12927/000119312510232425/0001193125-10-232425-index.htm,10-Q,https://www.sec.gov/Archives/edgar/data/12927/000119312510232425/ba-20100930.xml
2010-10-20,https://www.sec.gov/Archives/edgar/data/12927/000119312510232203/0001193125-10-232203-index.htm,8-K,N/A
2010-08-27,https://www.sec.gov/Archives/edgar/data/12927/000119312510198766/0001193125-10-198766-index.htm,8-K,N/A
2010-08-05,https://www.sec.gov/Archives/edgar/data/12927/000095012310073332/0000950123-10-073332-index.htm,SC TO-T/A,N/A
2010-08-04,https://www.sec.gov/Archives/edgar/data/12927/000095012310072635/0000950123-10-072635-index.htm,SC TO-T/A,N/A
2010-07-28,https://www.sec.gov/Archives/edgar/data/12927/000119312510168724/0001193125-10-168724-index.htm,10-Q,https://www.sec.gov/Archives/edgar/data/12927/000119312510168724/ba-20100630.xml
2010-07-28,https://www.sec.gov/Archives/edgar/data/12927/000119312510168093/0001193125-10-168093-index.htm,8-K,N/A
2010-07-26,https://www.sec.gov/Archives/edgar/data/12927/000095012310068139/0000950123-10-068139-index.htm,SC TO-T/A,N/A
2010-07-20,https://www.sec.gov/Archives/edgar/data/12927/000095012310066576/0000950123-10-066576-index.htm,SC TO-T/A,N/A
2010-07-15,https://www.sec.gov/Archives/edgar/data/12927/000095012310065593/0000950123-10-065593-index.htm,SC TO-T/A,N/A
2010-07-12,https://www.sec.gov/Archives/edgar/data/12927/000095012310064877/0000950123-10-064877-index.htm,SC 13D,N/A
2010-07-12,https://www.sec.gov/Archives/edgar/data/12927/000095012310064680/0000950123-10-064680-index.htm,SC TO-T/A,N/A
2010-07-08,https://www.sec.gov/Archives/edgar/data/12927/000095012310064175/0000950123-10-064175-index.htm,SC TO-T,N/A
2010-06-30,https://www.sec.gov/Archives/edgar/data/12927/000095012310062862/0000950123-10-062862-index.htm,SC TO-C,N/A
2010-06-21,https://www.sec.gov/Archives/edgar/data/12927/000119312510143123/0001193125-10-143123-index.htm,11-K,N/A
2010-06-10,https://www.sec.gov/Archives/edgar/data/12927/000119312510136846/0001193125-10-136846-index.htm,8-K,N/A
2010-06-07,https://www.sec.gov/Archives/edgar/data/12927/000000000010031452/0000000000-10-031452-index.htm,UPLOAD,N/A
2010-06-04,https://www.sec.gov/Archives/edgar/data/12927/000000000010031312/0000000000-10-031312-index.htm,UPLOAD,N/A
2010-05-12,https://www.sec.gov/Archives/edgar/data/12927/000119312510117026/0001193125-10-117026-index.htm,CORRESP,N/A
2010-04-28,https://www.sec.gov/Archives/edgar/data/12927/000119312510096686/0001193125-10-096686-index.htm,8-K,N/A
2010-04-21,https://www.sec.gov/Archives/edgar/data/12927/000119312510088623/0001193125-10-088623-index.htm,10-Q,https://www.sec.gov/Archives/edgar/data/12927/000119312510088623/ba-20100331.xml
2010-04-21,https://www.sec.gov/Archives/edgar/data/12927/000119312510088355/0001193125-10-088355-index.htm,8-K,N/A
2010-03-31,https://www.sec.gov/Archives/edgar/data/12927/000119312510072743/0001193125-10-072743-index.htm,8-K,N/A
2010-03-16,https://www.sec.gov/Archives/edgar/data/12927/999999999710006673/9999999997-10-006673-index.htm,ARS,N/A
2010-03-15,https://www.sec.gov/Archives/edgar/data/12927/000119312510056985/0001193125-10-056985-index.htm,DEF 14A,N/A
2010-03-10,https://www.sec.gov/Archives/edgar/data/12927/000119312510052429/0001193125-10-052429-index.htm,8-K,N/A
2010-03-04,https://www.sec.gov/Archives/edgar/data/12927/000119312510047326/0001193125-10-047326-index.htm,PRE 14A,N/A
2010-02-26,https://www.sec.gov/Archives/edgar/data/12927/000119312510042601/0001193125-10-042601-index.htm,8-K,N/A
2010-02-12,https://www.sec.gov/Archives/edgar/data/12927/000009374810000097/0000093748-10-000097-index.htm,SC 13G,N/A
2010-02-12,https://www.sec.gov/Archives/edgar/data/12927/000009374810000056/0000093748-10-000056-index.htm,SC 13G/A,N/A
2010-02-11,https://www.sec.gov/Archives/edgar/data/12927/000117266110000081/0001172661-10-000081-index.htm,SC 13G/A,N/A
2010-02-11,https://www.sec.gov/Archives/edgar/data/12927/000119312510027505/0001193125-10-027505-index.htm,8-K,N/A
2010-02-11,https://www.sec.gov/Archives/edgar/data/12927/000142284910000475/0001422849-10-000475-index.htm,SC 13G/A,N/A
2010-02-09,https://www.sec.gov/Archives/edgar/data/12927/000119312510025697/0001193125-10-025697-index.htm,8-K,N/A
2010-02-08,https://www.sec.gov/Archives/edgar/data/12927/999999999710004477/9999999997-10-004477-index.htm,NO ACT,N/A
2010-02-08,https://www.sec.gov/Archives/edgar/data/12927/000119312510024406/0001193125-10-024406-index.htm,10-K,https://www.sec.gov/Archives/edgar/data/12927/000119312510024406/ba-20091231.xml
2010-02-05,https://www.sec.gov/Archives/edgar/data/12927/999999999710003927/9999999997-10-003927-index.htm,NO ACT,N/A
2010-02-03,https://www.sec.gov/Archives/edgar/data/12927/999999999710003926/9999999997-10-003926-index.htm,NO ACT,N/A
2010-02-01,https://www.sec.gov/Archives/edgar/data/12927/999999999710002258/9999999997-10-002258-index.htm,NO ACT,N/A
2010-01-29,https://www.sec.gov/Archives/edgar/data/12927/999999999710003924/9999999997-10-003924-index.htm,NO ACT,N/A
2010-01-29,https://www.sec.gov/Archives/edgar/data/12927/000119312510016944/0001193125-10-016944-index.htm,15-15D,N/A
2010-01-27,https://www.sec.gov/Archives/edgar/data/12927/999999999710002250/9999999997-10-002250-index.htm,NO ACT,N/A
2010-01-27,https://www.sec.gov/Archives/edgar/data/12927/000119312510013708/0001193125-10-013708-index.htm,8-K,N/A
2009-12-10,https://www.sec.gov/Archives/edgar/data/12927/000119312509250650/0001193125-09-250650-index.htm,S-8,N/A
2009-12-09,https://www.sec.gov/Archives/edgar/data/12927/000117266109001575/0001172661-09-001575-index.htm,SC 13G/A,N/A
2009-11-20,https://www.sec.gov/Archives/edgar/data/12927/000119312509238921/0001193125-09-238921-index.htm,8-K,N/A
2009-11-18,https://www.sec.gov/Archives/edgar/data/12927/000119312509237434/0001193125-09-237434-index.htm,424B2,N/A
2009-11-17,https://www.sec.gov/Archives/edgar/data/12927/000119312509236670/0001193125-09-236670-index.htm,FWP,N/A
2009-11-17,https://www.sec.gov/Archives/edgar/data/12927/000119312509236349/0001193125-09-236349-index.htm,8-K,N/A
2009-11-17,https://www.sec.gov/Archives/edgar/data/12927/000119312509236329/0001193125-09-236329-index.htm,424B3,N/A
2009-11-13,https://www.sec.gov/Archives/edgar/data/12927/000119312509234368/0001193125-09-234368-index.htm,8-K,N/A
2009-11-10,https://www.sec.gov/Archives/edgar/data/12927/000119312509230620/0001193125-09-230620-index.htm,S-3ASR,N/A
2009-11-10,https://www.sec.gov/Archives/edgar/data/12927/000119312509230185/0001193125-09-230185-index.htm,8-K,N/A
2009-11-05,https://www.sec.gov/Archives/edgar/data/12927/000119312509225187/0001193125-09-225187-index.htm,8-K,N/A
2009-10-29,https://www.sec.gov/Archives/edgar/data/12927/000119312509217488/0001193125-09-217488-index.htm,8-K,N/A
2009-10-23,https://www.sec.gov/Archives/edgar/data/12927/000000000009059876/0000000000-09-059876-index.htm,UPLOAD,N/A
2009-10-21,https://www.sec.gov/Archives/edgar/data/12927/000119312509210918/0001193125-09-210918-index.htm,10-Q,https://www.sec.gov/Archives/edgar/data/12927/000119312509210918/ba-20090930.xml
2009-10-21,https://www.sec.gov/Archives/edgar/data/12927/000119312509210777/0001193125-09-210777-index.htm,8-K,N/A
2009-10-14,https://www.sec.gov/Archives/edgar/data/12927/000119312509207923/0001193125-09-207923-index.htm,CORRESP,N/A
2009-10-09,https://www.sec.gov/Archives/edgar/data/12927/000119312509205983/0001193125-09-205983-index.htm,8-K,N/A
2009-10-06,https://www.sec.gov/Archives/edgar/data/12927/000119312509204033/0001193125-09-204033-index.htm,8-K,N/A
2009-09-30,https://www.sec.gov/Archives/edgar/data/12927/000000000009055234/0000000000-09-055234-index.htm,UPLOAD,N/A
2009-09-15,https://www.sec.gov/Archives/edgar/data/12927/000119312509191797/0001193125-09-191797-index.htm,8-K,N/A
2009-08-31,https://www.sec.gov/Archives/edgar/data/12927/000119312509184806/0001193125-09-184806-index.htm,8-K,N/A
2009-08-27,https://www.sec.gov/Archives/edgar/data/12927/000119312509182582/0001193125-09-182582-index.htm,8-K,N/A
2009-07-28,https://www.sec.gov/Archives/edgar/data/12927/000119312509156623/0001193125-09-156623-index.htm,8-K,N/A
2009-07-24,https://www.sec.gov/Archives/edgar/data/12927/000119312509154934/0001193125-09-154934-index.htm,424B2,N/A
2009-07-23,https://www.sec.gov/Archives/edgar/data/12927/000119312509154098/0001193125-09-154098-index.htm,FWP,N/A
2009-07-23,https://www.sec.gov/Archives/edgar/data/12927/000119312509153788/0001193125-09-153788-index.htm,S-8,N/A
2009-07-23,https://www.sec.gov/Archives/edgar/data/12927/000119312509153640/0001193125-09-153640-index.htm,424B3,N/A
2009-07-22,https://www.sec.gov/Archives/edgar/data/12927/000119312509152905/0001193125-09-152905-index.htm,10-Q,https://www.sec.gov/Archives/edgar/data/12927/000119312509152905/ba-20090630.xml
2009-07-22,https://www.sec.gov/Archives/edgar/data/12927/000119312509152715/0001193125-09-152715-index.htm,8-K,N/A
2009-07-07,https://www.sec.gov/Archives/edgar/data/12927/000119312509144858/0001193125-09-144858-index.htm,8-K,N/A
2009-06-26,https://www.sec.gov/Archives/edgar/data/12927/000119312509139309/0001193125-09-139309-index.htm,8-K,N/A
2009-06-25,https://www.sec.gov/Archives/edgar/data/12927/000119312509137283/0001193125-09-137283-index.htm,8-K,N/A
2009-06-23,https://www.sec.gov/Archives/edgar/data/12927/000119312509135659/0001193125-09-135659-index.htm,11-K,N/A
2009-06-23,https://www.sec.gov/Archives/edgar/data/12927/000119312509135657/0001193125-09-135657-index.htm,11-K,N/A
2009-06-23,https://www.sec.gov/Archives/edgar/data/12927/000119312509135627/0001193125-09-135627-index.htm,8-K,N/A
2009-06-10,https://www.sec.gov/Archives/edgar/data/12927/000007085809000244/0000070858-09-000244-index.htm,SC 13G/A,N/A
2009-06-09,https://www.sec.gov/Archives/edgar/data/12927/000119312509127777/0001193125-09-127777-index.htm,8-K,N/A
2009-06-03,https://www.sec.gov/Archives/edgar/data/12927/000000000009029518/0000000000-09-029518-index.htm,UPLOAD,N/A
2009-05-08,https://www.sec.gov/Archives/edgar/data/12927/000119312509105599/0001193125-09-105599-index.htm,CORRESP,N/A
2009-04-30,https://www.sec.gov/Archives/edgar/data/12927/000119312509094044/0001193125-09-094044-index.htm,8-K,N/A
2009-04-22,https://www.sec.gov/Archives/edgar/data/12927/000119312509084313/0001193125-09-084313-index.htm,10-Q,N/A
2009-04-22,https://www.sec.gov/Archives/edgar/data/12927/000119312509084108/0001193125-09-084108-index.htm,8-K,N/A
2009-04-16,https://www.sec.gov/Archives/edgar/data/12927/000000000009019971/0000000000-09-019971-index.htm,UPLOAD,N/A
2009-04-09,https://www.sec.gov/Archives/edgar/data/12927/000119312509076544/0001193125-09-076544-index.htm,8-K,N/A
2009-03-16,https://www.sec.gov/Archives/edgar/data/12927/999999999709014970/9999999997-09-014970-index.htm,ARS,N/A
2009-03-13,https://www.sec.gov/Archives/edgar/data/12927/000119312509053952/0001193125-09-053952-index.htm,8-K,N/A
2009-03-13,https://www.sec.gov/Archives/edgar/data/12927/000119312509053455/0001193125-09-053455-index.htm,DEF 14A,N/A
2009-03-11,https://www.sec.gov/Archives/edgar/data/12927/000119312509051017/0001193125-09-051017-index.htm,424B2,N/A
2009-03-11,https://www.sec.gov/Archives/edgar/data/12927/000119312509050074/0001193125-09-050074-index.htm,FWP,N/A
2009-03-10,https://www.sec.gov/Archives/edgar/data/12927/000119312509049633/0001193125-09-049633-index.htm,424B3,N/A
2009-03-09,https://www.sec.gov/Archives/edgar/data/12927/000119312509048656/0001193125-09-048656-index.htm,S-3ASR,N/A
2009-02-26,https://www.sec.gov/Archives/edgar/data/12927/000119312509039266/0001193125-09-039266-index.htm,8-K,N/A
2009-02-18,https://www.sec.gov/Archives/edgar/data/12927/999999999709005724/9999999997-09-005724-index.htm,NO ACT,N/A
2009-02-17,https://www.sec.gov/Archives/edgar/data/12927/000009374809000055/0000093748-09-000055-index.htm,SC 13G,N/A
2009-02-13,https://www.sec.gov/Archives/edgar/data/12927/000007085809000146/0000070858-09-000146-index.htm,SC 13G,N/A
2009-02-13,https://www.sec.gov/Archives/edgar/data/12927/000142284909000294/0001422849-09-000294-index.htm,SC 13G,N/A
2009-02-10,https://www.sec.gov/Archives/edgar/data/12927/000119312509023998/0001193125-09-023998-index.htm,8-K,N/A
2009-02-09,https://www.sec.gov/Archives/edgar/data/12927/000119312509022679/0001193125-09-022679-index.htm,8-K,N/A
2009-02-09,https://www.sec.gov/Archives/edgar/data/12927/000119312509022654/0001193125-09-022654-index.htm,10-K,N/A
2009-02-03,https://www.sec.gov/Archives/edgar/data/12927/999999999709003632/9999999997-09-003632-index.htm,NO ACT,N/A
2009-01-28,https://www.sec.gov/Archives/edgar/data/12927/000119312509012567/0001193125-09-012567-index.htm,8-K,N/A
2008-12-22,https://www.sec.gov/Archives/edgar/data/12927/000119312508258406/0001193125-08-258406-index.htm,S-8,N/A
2008-12-16,https://www.sec.gov/Archives/edgar/data/12927/000119312508254398/0001193125-08-254398-index.htm,8-K,N/A
2008-11-20,https://www.sec.gov/Archives/edgar/data/12927/000119312508240082/0001193125-08-240082-index.htm,8-K,N/A
2008-10-29,https://www.sec.gov/Archives/edgar/data/12927/999999999508003232/9999999995-08-003232-index.htm,EFFECT,N/A
2008-10-29,https://www.sec.gov/Archives/edgar/data/12927/000119312508218800/0001193125-08-218800-index.htm,8-K,N/A
2008-10-28,https://www.sec.gov/Archives/edgar/data/12927/000119312508217905/0001193125-08-217905-index.htm,POS AM,N/A
2008-10-22,https://www.sec.gov/Archives/edgar/data/12927/000119312508214169/0001193125-08-214169-index.htm,10-Q,N/A
2008-10-22,https://www.sec.gov/Archives/edgar/data/12927/000119312508214077/0001193125-08-214077-index.htm,8-K,N/A
2008-07-23,https://www.sec.gov/Archives/edgar/data/12927/000119312508156077/0001193125-08-156077-index.htm,10-Q,N/A
2008-07-23,https://www.sec.gov/Archives/edgar/data/12927/000119312508155831/0001193125-08-155831-index.htm,8-K,N/A
2008-06-26,https://www.sec.gov/Archives/edgar/data/12927/000119312508141267/0001193125-08-141267-index.htm,11-K,N/A
2008-06-26,https://www.sec.gov/Archives/edgar/data/12927/000119312508141265/0001193125-08-141265-index.htm,11-K,N/A
2008-04-30,https://www.sec.gov/Archives/edgar/data/12927/000119312508096817/0001193125-08-096817-index.htm,8-K,N/A
2008-04-23,https://www.sec.gov/Archives/edgar/data/12927/000119312508087722/0001193125-08-087722-index.htm,10-Q,N/A
2008-04-23,https://www.sec.gov/Archives/edgar/data/12927/000119312508087499/0001193125-08-087499-index.htm,8-K,N/A
2008-04-10,https://www.sec.gov/Archives/edgar/data/12927/000119312508078767/0001193125-08-078767-index.htm,DEFA14A,N/A
2008-03-18,https://www.sec.gov/Archives/edgar/data/12927/000119312508059922/0001193125-08-059922-index.htm,8-K,N/A
2008-03-14,https://www.sec.gov/Archives/edgar/data/12927/000119312508057498/0001193125-08-057498-index.htm,DEF 14A,N/A
2008-03-09,https://www.sec.gov/Archives/edgar/data/12927/000000000008012333/0000000000-08-012333-index.htm,UPLOAD,N/A
2008-03-09,https://www.sec.gov/Archives/edgar/data/12927/000000000008012332/0000000000-08-012332-index.htm,UPLOAD,N/A
2008-03-09,https://www.sec.gov/Archives/edgar/data/12927/000000000008012331/0000000000-08-012331-index.htm,UPLOAD,N/A
2008-02-20,https://www.sec.gov/Archives/edgar/data/12927/999999999708007790/9999999997-08-007790-index.htm,NO ACT,N/A
2008-02-19,https://www.sec.gov/Archives/edgar/data/12927/999999999708007536/9999999997-08-007536-index.htm,NO ACT,N/A
2008-02-19,https://www.sec.gov/Archives/edgar/data/12927/999999999708007475/9999999997-08-007475-index.htm,NO ACT,N/A
2008-02-15,https://www.sec.gov/Archives/edgar/data/12927/000119312508032328/0001193125-08-032328-index.htm,10-K,N/A
2008-02-14,https://www.sec.gov/Archives/edgar/data/12927/000088800208000348/0000888002-08-000348-index.htm,SC 13G/A,N/A
2008-02-12,https://www.sec.gov/Archives/edgar/data/12927/000009374808000008/0000093748-08-000008-index.htm,SC 13G,N/A
2008-02-05,https://www.sec.gov/Archives/edgar/data/12927/999999999708005902/9999999997-08-005902-index.htm,NO ACT,N/A
2008-01-30,https://www.sec.gov/Archives/edgar/data/12927/000119312508015035/0001193125-08-015035-index.htm,8-K,N/A
2008-01-15,https://www.sec.gov/Archives/edgar/data/12927/000119312508006666/0001193125-08-006666-index.htm,CORRESP,N/A
2008-01-09,https://www.sec.gov/Archives/edgar/data/12927/999999999708002256/9999999997-08-002256-index.htm,NO ACT,N/A
2007-12-14,https://www.sec.gov/Archives/edgar/data/12927/000119312507265592/0001193125-07-265592-index.htm,8-K,N/A
2007-11-21,https://www.sec.gov/Archives/edgar/data/12927/000119312507251817/0001193125-07-251817-index.htm,8-K,N/A
2007-11-01,https://www.sec.gov/Archives/edgar/data/12927/000119312507232400/0001193125-07-232400-index.htm,8-K,N/A
2007-10-24,https://www.sec.gov/Archives/edgar/data/12927/000119312507224585/0001193125-07-224585-index.htm,10-Q,N/A
2007-10-24,https://www.sec.gov/Archives/edgar/data/12927/000119312507224344/0001193125-07-224344-index.htm,8-K,N/A
2007-10-17,https://www.sec.gov/Archives/edgar/data/12927/000119312507220382/0001193125-07-220382-index.htm,8-K,N/A
2007-10-01,https://www.sec.gov/Archives/edgar/data/12927/000119312507211187/0001193125-07-211187-index.htm,CORRESP,N/A
2007-08-30,https://www.sec.gov/Archives/edgar/data/12927/000119312507193106/0001193125-07-193106-index.htm,8-K,N/A
2007-07-25,https://www.sec.gov/Archives/edgar/data/12927/000119312507161475/0001193125-07-161475-index.htm,10-Q,N/A
2007-07-25,https://www.sec.gov/Archives/edgar/data/12927/000119312507161247/0001193125-07-161247-index.htm,8-K,N/A
2007-06-27,https://www.sec.gov/Archives/edgar/data/12927/000119312507144243/0001193125-07-144243-index.htm,8-K,N/A
2007-06-26,https://www.sec.gov/Archives/edgar/data/12927/000119312507143110/0001193125-07-143110-index.htm,11-K,N/A
2007-06-26,https://www.sec.gov/Archives/edgar/data/12927/000119312507143099/0001193125-07-143099-index.htm,11-K,N/A
2007-05-04,https://www.sec.gov/Archives/edgar/data/12927/000119312507102929/0001193125-07-102929-index.htm,8-K,N/A
2007-05-04,https://www.sec.gov/Archives/edgar/data/12927/000119312507102918/0001193125-07-102918-index.htm,8-K,N/A
2007-04-25,https://www.sec.gov/Archives/edgar/data/12927/000119312507089827/0001193125-07-089827-index.htm,10-Q,N/A
2007-04-25,https://www.sec.gov/Archives/edgar/data/12927/000119312507089597/0001193125-07-089597-index.htm,8-K,N/A
2007-04-17,https://www.sec.gov/Archives/edgar/data/12927/000119312507082780/0001193125-07-082780-index.htm,DEFA14A,N/A
2007-04-03,https://www.sec.gov/Archives/edgar/data/12927/999999999707016347/9999999997-07-016347-index.htm,ARS,N/A
2007-04-02,https://www.sec.gov/Archives/edgar/data/12927/000119312507072271/0001193125-07-072271-index.htm,DEFA14A,N/A
2007-03-23,https://www.sec.gov/Archives/edgar/data/12927/000119312507062748/0001193125-07-062748-index.htm,DEF 14A,N/A
2007-03-05,https://www.sec.gov/Archives/edgar/data/12927/000119312507046463/0001193125-07-046463-index.htm,8-K,N/A
2007-02-22,https://www.sec.gov/Archives/edgar/data/12927/000119312507037160/0001193125-07-037160-index.htm,S-8,N/A
2007-02-16,https://www.sec.gov/Archives/edgar/data/12927/000119312507033902/0001193125-07-033902-index.htm,10-K,N/A
2007-02-15,https://www.sec.gov/Archives/edgar/data/12927/999999999707010015/9999999997-07-010015-index.htm,NO ACT,N/A
2007-02-13,https://www.sec.gov/Archives/edgar/data/12927/000088800207000320/0000888002-07-000320-index.htm,SC 13G,N/A
2007-02-12,https://www.sec.gov/Archives/edgar/data/12927/000009374807000037/0000093748-07-000037-index.htm,SC 13G,N/A
2007-02-12,https://www.sec.gov/Archives/edgar/data/12927/000001728307000444/0000017283-07-000444-index.htm,SC 13G/A,N/A
2007-01-31,https://www.sec.gov/Archives/edgar/data/12927/000119312507016878/0001193125-07-016878-index.htm,8-K,N/A
2006-11-22,https://www.sec.gov/Archives/edgar/data/12927/000119312506240719/0001193125-06-240719-index.htm,8-K,N/A
2006-10-25,https://www.sec.gov/Archives/edgar/data/12927/000119312506214506/0001193125-06-214506-index.htm,10-Q,N/A
2006-10-25,https://www.sec.gov/Archives/edgar/data/12927/000119312506214277/0001193125-06-214277-index.htm,8-K,N/A
2006-09-25,https://www.sec.gov/Archives/edgar/data/12927/000110465906062783/0001104659-06-062783-index.htm,8-K,N/A
2006-08-22,https://www.sec.gov/Archives/edgar/data/12927/000119312506177709/0001193125-06-177709-index.htm,8-K,N/A
2006-08-21,https://www.sec.gov/Archives/edgar/data/12927/000119312506177037/0001193125-06-177037-index.htm,S-8 POS,N/A
2006-07-26,https://www.sec.gov/Archives/edgar/data/12927/000119312506153564/0001193125-06-153564-index.htm,10-Q,N/A
2006-07-26,https://www.sec.gov/Archives/edgar/data/12927/000119312506153284/0001193125-06-153284-index.htm,8-K,N/A
2006-06-30,https://www.sec.gov/Archives/edgar/data/12927/000119312506140805/0001193125-06-140805-index.htm,8-K,N/A
2006-06-28,https://www.sec.gov/Archives/edgar/data/12927/000119312506138276/0001193125-06-138276-index.htm,11-K,N/A
2006-06-28,https://www.sec.gov/Archives/edgar/data/12927/000119312506138269/0001193125-06-138269-index.htm,11-K,N/A
2006-06-27,https://www.sec.gov/Archives/edgar/data/12927/000119312506136943/0001193125-06-136943-index.htm,8-K,N/A
2006-05-05,https://www.sec.gov/Archives/edgar/data/12927/000119312506102223/0001193125-06-102223-index.htm,8-K,N/A
2006-05-04,https://www.sec.gov/Archives/edgar/data/12927/000119312506100556/0001193125-06-100556-index.htm,8-K,N/A
2006-05-04,https://www.sec.gov/Archives/edgar/data/12927/000119312506100557/0001193125-06-100557-index.htm,DEFA14A,N/A
2006-05-01,https://www.sec.gov/Archives/edgar/data/12927/000119312506095424/0001193125-06-095424-index.htm,DEFA14A,N/A
2006-04-26,https://www.sec.gov/Archives/edgar/data/12927/000119312506089258/0001193125-06-089258-index.htm,10-Q,N/A
2006-04-26,https://www.sec.gov/Archives/edgar/data/12927/000119312506088783/0001193125-06-088783-index.htm,8-K,N/A
2006-04-03,https://www.sec.gov/Archives/edgar/data/12927/000119312506071726/0001193125-06-071726-index.htm,DEFA14A,N/A
2006-03-27,https://www.sec.gov/Archives/edgar/data/12927/999999999706011586/9999999997-06-011586-index.htm,ARS,N/A
2006-03-24,https://www.sec.gov/Archives/edgar/data/12927/000119312506062746/0001193125-06-062746-index.htm,DEF 14A,N/A
2006-03-15,https://www.sec.gov/Archives/edgar/data/12927/999999999707003395/9999999997-07-003395-index.htm,NO ACT,N/A
2006-03-14,https://www.sec.gov/Archives/edgar/data/12927/999999999706012328/9999999997-06-012328-index.htm,NO ACT,N/A
2006-03-06,https://www.sec.gov/Archives/edgar/data/12927/000119312506046241/0001193125-06-046241-index.htm,PRE 14A,N/A
2006-03-03,https://www.sec.gov/Archives/edgar/data/12927/000119312506045153/0001193125-06-045153-index.htm,8-K,N/A
2006-03-02,https://www.sec.gov/Archives/edgar/data/12927/000119312506043962/0001193125-06-043962-index.htm,8-K,N/A
2006-02-28,https://www.sec.gov/Archives/edgar/data/12927/000000000006010213/0000000000-06-010213-index.htm,UPLOAD,N/A
2006-02-28,https://www.sec.gov/Archives/edgar/data/12927/000119312506040952/0001193125-06-040952-index.htm,10-K,N/A
2006-02-13,https://www.sec.gov/Archives/edgar/data/12927/000009374806000008/0000093748-06-000008-index.htm,SC 13G,N/A
2006-02-10,https://www.sec.gov/Archives/edgar/data/12927/000001728306000098/0000017283-06-000098-index.htm,SC 13G/A,N/A
2006-02-03,https://www.sec.gov/Archives/edgar/data/12927/999999999706008970/9999999997-06-008970-index.htm,NO ACT,N/A
2006-02-03,https://www.sec.gov/Archives/edgar/data/12927/000119312506019814/0001193125-06-019814-index.htm,CORRESP,N/A
2006-02-02,https://www.sec.gov/Archives/edgar/data/12927/000119312506017772/0001193125-06-017772-index.htm,8-K,N/A
2006-02-01,https://www.sec.gov/Archives/edgar/data/12927/000119312506016906/0001193125-06-016906-index.htm,8-K,N/A
2005-12-30,https://www.sec.gov/Archives/edgar/data/12927/000000000005064620/0000000000-05-064620-index.htm,UPLOAD,N/A
2005-11-23,https://www.sec.gov/Archives/edgar/data/12927/000119312505231771/0001193125-05-231771-index.htm,8-K,N/A
2005-11-10,https://www.sec.gov/Archives/edgar/data/12927/000119312505223267/0001193125-05-223267-index.htm,8-K,N/A
2005-11-03,https://www.sec.gov/Archives/edgar/data/12927/000119312505215240/0001193125-05-215240-index.htm,8-K,N/A
2005-10-26,https://www.sec.gov/Archives/edgar/data/12927/000119312505208763/0001193125-05-208763-index.htm,10-Q,N/A
2005-10-26,https://www.sec.gov/Archives/edgar/data/12927/000119312505208460/0001193125-05-208460-index.htm,8-K,N/A
2005-09-02,https://www.sec.gov/Archives/edgar/data/12927/000119312505179939/0001193125-05-179939-index.htm,8-K,N/A
2005-07-27,https://www.sec.gov/Archives/edgar/data/12927/000119312505149899/0001193125-05-149899-index.htm,10-Q,N/A
2005-07-27,https://www.sec.gov/Archives/edgar/data/12927/000119312505149530/0001193125-05-149530-index.htm,8-K,N/A
2005-07-06,https://www.sec.gov/Archives/edgar/data/12927/000119312505138157/0001193125-05-138157-index.htm,8-K,N/A
2005-06-27,https://www.sec.gov/Archives/edgar/data/12927/000119312505132080/0001193125-05-132080-index.htm,11-K,N/A
2005-06-27,https://www.sec.gov/Archives/edgar/data/12927/000119312505132074/0001193125-05-132074-index.htm,11-K,N/A
2005-06-22,https://www.sec.gov/Archives/edgar/data/12927/000119312505129247/0001193125-05-129247-index.htm,8-K,N/A
2005-05-04,https://www.sec.gov/Archives/edgar/data/12927/000089383805000096/0000893838-05-000096-index.htm,8-K,N/A
2005-04-27,https://www.sec.gov/Archives/edgar/data/12927/000119312505086964/0001193125-05-086964-index.htm,10-Q,N/A
2005-04-27,https://www.sec.gov/Archives/edgar/data/12927/000119312505086260/0001193125-05-086260-index.htm,8-K,N/A
2005-04-22,https://www.sec.gov/Archives/edgar/data/12927/000119312505082646/0001193125-05-082646-index.htm,DEFA14A,N/A
2005-04-01,https://www.sec.gov/Archives/edgar/data/12927/000119312505068015/0001193125-05-068015-index.htm,DEFA14A,N/A
2005-03-22,https://www.sec.gov/Archives/edgar/data/12927/999999999705021355/9999999997-05-021355-index.htm,NO ACT,N/A
2005-03-18,https://www.sec.gov/Archives/edgar/data/12927/000119312505055432/0001193125-05-055432-index.htm,DEF 14A,N/A
2005-03-10,https://www.sec.gov/Archives/edgar/data/12927/999999999705011435/9999999997-05-011435-index.htm,NO ACT,N/A
2005-03-10,https://www.sec.gov/Archives/edgar/data/12927/000119312505046669/0001193125-05-046669-index.htm,8-K,N/A
2005-03-09,https://www.sec.gov/Archives/edgar/data/12927/999999999705010469/9999999997-05-010469-index.htm,NO ACT,N/A
2005-02-28,https://www.sec.gov/Archives/edgar/data/12927/000119312505038602/0001193125-05-038602-index.htm,10-K,N/A
2005-02-25,https://www.sec.gov/Archives/edgar/data/12927/999999999705007282/9999999997-05-007282-index.htm,NO ACT,N/A
2005-02-24,https://www.sec.gov/Archives/edgar/data/12927/000116923205001231/0001169232-05-001231-index.htm,8-K,N/A
2005-02-22,https://www.sec.gov/Archives/edgar/data/12927/000009374805000093/0000093748-05-000093-index.htm,SC 13G/A,N/A
2005-02-17,https://www.sec.gov/Archives/edgar/data/12927/999999999705007458/9999999997-05-007458-index.htm,NO ACT,N/A
2005-02-16,https://www.sec.gov/Archives/edgar/data/12927/000089831805000014/0000898318-05-000014-index.htm,SC 13G/A,N/A
2005-02-15,https://www.sec.gov/Archives/edgar/data/12927/000009374805000007/0000093748-05-000007-index.htm,SC 13G,N/A
2005-02-11,https://www.sec.gov/Archives/edgar/data/12927/000001728305000069/0000017283-05-000069-index.htm,SC 13G/A,N/A
2005-02-10,https://www.sec.gov/Archives/edgar/data/12927/999999999705041076/9999999997-05-041076-index.htm,NO ACT,N/A
2005-02-07,https://www.sec.gov/Archives/edgar/data/12927/999999999705005548/9999999997-05-005548-index.htm,NO ACT,N/A
2005-02-02,https://www.sec.gov/Archives/edgar/data/12927/000119312505016729/0001193125-05-016729-index.htm,8-K,N/A
2005-01-31,https://www.sec.gov/Archives/edgar/data/12927/999999999705004147/9999999997-05-004147-index.htm,NO ACT,N/A
2005-01-27,https://www.sec.gov/Archives/edgar/data/12927/999999999705004148/9999999997-05-004148-index.htm,NO ACT,N/A
2005-01-27,https://www.sec.gov/Archives/edgar/data/12927/999999999705004146/9999999997-05-004146-index.htm,NO ACT,N/A
2005-01-21,https://www.sec.gov/Archives/edgar/data/12927/999999999705003492/9999999997-05-003492-index.htm,NO ACT,N/A
2005-01-19,https://www.sec.gov/Archives/edgar/data/12927/000119312505008279/0001193125-05-008279-index.htm,8-K,N/A
2005-01-18,https://www.sec.gov/Archives/edgar/data/12927/999999999705003929/9999999997-05-003929-index.htm,NO ACT,N/A
2005-01-05,https://www.sec.gov/Archives/edgar/data/12927/000089831805000004/0000898318-05-000004-index.htm,SC 13G,N/A
2004-12-23,https://www.sec.gov/Archives/edgar/data/12927/000119312504218908/0001193125-04-218908-index.htm,8-K,N/A
2004-12-16,https://www.sec.gov/Archives/edgar/data/12927/000119312504214286/0001193125-04-214286-index.htm,8-K,N/A
2004-12-14,https://www.sec.gov/Archives/edgar/data/12927/000119312504212495/0001193125-04-212495-index.htm,8-K,N/A
2004-12-06,https://www.sec.gov/Archives/edgar/data/12927/000119312504207897/0001193125-04-207897-index.htm,8-K/A,N/A
2004-10-28,https://www.sec.gov/Archives/edgar/data/12927/000119312504179518/0001193125-04-179518-index.htm,8-K,N/A
2004-10-27,https://www.sec.gov/Archives/edgar/data/12927/000119312504179383/0001193125-04-179383-index.htm,10-Q,N/A
2004-10-27,https://www.sec.gov/Archives/edgar/data/12927/000119312504178774/0001193125-04-178774-index.htm,8-K,N/A
2004-10-21,https://www.sec.gov/Archives/edgar/data/12927/000119312504175547/0001193125-04-175547-index.htm,8-K,N/A
2004-07-28,https://www.sec.gov/Archives/edgar/data/12927/000119312504126399/0001193125-04-126399-index.htm,10-Q,N/A
2004-07-28,https://www.sec.gov/Archives/edgar/data/12927/000119312504125866/0001193125-04-125866-index.htm,8-K,N/A
2004-06-28,https://www.sec.gov/Archives/edgar/data/12927/000119312504109959/0001193125-04-109959-index.htm,11-K,N/A
2004-06-28,https://www.sec.gov/Archives/edgar/data/12927/000119312504109954/0001193125-04-109954-index.htm,11-K,N/A
2004-05-24,https://www.sec.gov/Archives/edgar/data/12927/000119312504093542/0001193125-04-093542-index.htm,8-K,N/A
2004-05-04,https://www.sec.gov/Archives/edgar/data/12927/000119312504077616/0001193125-04-077616-index.htm,8-K,N/A
2004-04-28,https://www.sec.gov/Archives/edgar/data/12927/000119312504072412/0001193125-04-072412-index.htm,10-Q,N/A
2004-04-28,https://www.sec.gov/Archives/edgar/data/12927/000119312504071654/0001193125-04-071654-index.htm,8-K,N/A
2004-04-27,https://www.sec.gov/Archives/edgar/data/12927/000119312504070418/0001193125-04-070418-index.htm,DEFA14A,N/A
2004-04-22,https://www.sec.gov/Archives/edgar/data/12927/000119312504067070/0001193125-04-067070-index.htm,8-K,N/A
2004-03-31,https://www.sec.gov/Archives/edgar/data/12927/000119312504054837/0001193125-04-054837-index.htm,DEFA14A,N/A
2004-03-26,https://www.sec.gov/Archives/edgar/data/12927/000119312504050555/0001193125-04-050555-index.htm,DEF 14A,N/A
2004-03-23,https://www.sec.gov/Archives/edgar/data/12927/000104746904008995/0001047469-04-008995-index.htm,S-3,N/A
2004-03-15,https://www.sec.gov/Archives/edgar/data/12927/999999999704013533/9999999997-04-013533-index.htm,NO ACT,N/A
2004-03-12,https://www.sec.gov/Archives/edgar/data/12927/000119312504040583/0001193125-04-040583-index.htm,PRE 14A,N/A
2004-03-12,https://www.sec.gov/Archives/edgar/data/12927/000119312504039346/0001193125-04-039346-index.htm,10-K/A,N/A
2004-03-05,https://www.sec.gov/Archives/edgar/data/12927/000119312504034751/0001193125-04-034751-index.htm,10-K,N/A
2004-02-13,https://www.sec.gov/Archives/edgar/data/12927/000001728304000331/0000017283-04-000331-index.htm,SC 13G,N/A
2004-02-11,https://www.sec.gov/Archives/edgar/data/12927/999999999704007118/9999999997-04-007118-index.htm,NO ACT,N/A
2004-02-10,https://www.sec.gov/Archives/edgar/data/12927/999999999704008796/9999999997-04-008796-index.htm,NO ACT,N/A
2004-02-06,https://www.sec.gov/Archives/edgar/data/12927/999999999704008797/9999999997-04-008797-index.htm,NO ACT,N/A
2004-02-06,https://www.sec.gov/Archives/edgar/data/12927/999999999704006486/9999999997-04-006486-index.htm,NO ACT,N/A
2004-02-06,https://www.sec.gov/Archives/edgar/data/12927/999999999704005340/9999999997-04-005340-index.htm,NO ACT,N/A
2004-02-05,https://www.sec.gov/Archives/edgar/data/12927/000009374804000014/0000093748-04-000014-index.htm,SC 13G,N/A
2004-01-30,https://www.sec.gov/Archives/edgar/data/12927/000107468304000005/0001074683-04-000005-index.htm,SC 13G,N/A
2004-01-29,https://www.sec.gov/Archives/edgar/data/12927/000119312504010896/0001193125-04-010896-index.htm,8-K,N/A
2004-01-20,https://www.sec.gov/Archives/edgar/data/12927/999999999704003199/9999999997-04-003199-index.htm,NO ACT,N/A
2003-12-19,https://www.sec.gov/Archives/edgar/data/12927/000089831803000038/0000898318-03-000038-index.htm,8-K,N/A
2003-12-01,https://www.sec.gov/Archives/edgar/data/12927/000119312503087790/0001193125-03-087790-index.htm,8-K,N/A
2003-11-25,https://www.sec.gov/Archives/edgar/data/12927/000119312503086101/0001193125-03-086101-index.htm,8-K,N/A
2003-11-24,https://www.sec.gov/Archives/edgar/data/12927/000089831803000034/0000898318-03-000034-index.htm,8-K,N/A
2003-10-29,https://www.sec.gov/Archives/edgar/data/12927/000119312503069438/0001193125-03-069438-index.htm,10-Q,N/A
2003-10-29,https://www.sec.gov/Archives/edgar/data/12927/000119312503068914/0001193125-03-068914-index.htm,8-K,N/A
2003-10-16,https://www.sec.gov/Archives/edgar/data/12927/000119312503062996/0001193125-03-062996-index.htm,8-K,N/A
2003-09-25,https://www.sec.gov/Archives/edgar/data/12927/000119312503054041/0001193125-03-054041-index.htm,11-K,N/A
2003-09-25,https://www.sec.gov/Archives/edgar/data/12927/000119312503054031/0001193125-03-054031-index.htm,11-K,N/A
2003-08-13,https://www.sec.gov/Archives/edgar/data/12927/000119312503035983/0001193125-03-035983-index.htm,10-Q/A,N/A
2003-08-05,https://www.sec.gov/Archives/edgar/data/12927/000104746903026330/0001047469-03-026330-index.htm,S-8 POS,N/A
2003-08-05,https://www.sec.gov/Archives/edgar/data/12927/000104746903026322/0001047469-03-026322-index.htm,S-8 POS,N/A
2003-08-05,https://www.sec.gov/Archives/edgar/data/12927/000104746903026321/0001047469-03-026321-index.htm,S-8,N/A
2003-08-04,https://www.sec.gov/Archives/edgar/data/12927/000119312503028503/0001193125-03-028503-index.htm,10-Q,N/A
2003-07-28,https://www.sec.gov/Archives/edgar/data/12927/000119312503024871/0001193125-03-024871-index.htm,8-K,N/A
2003-07-23,https://www.sec.gov/Archives/edgar/data/12927/000119312503022492/0001193125-03-022492-index.htm,8-K,N/A
2003-07-15,https://www.sec.gov/Archives/edgar/data/12927/000119312503019406/0001193125-03-019406-index.htm,8-K,N/A
2003-06-30,https://www.sec.gov/Archives/edgar/data/12927/999999999703027972/9999999997-03-027972-index.htm,11-K,N/A
2003-06-30,https://www.sec.gov/Archives/edgar/data/12927/999999999703027971/9999999997-03-027971-index.htm,11-K,N/A
2003-06-30,https://www.sec.gov/Archives/edgar/data/12927/999999999703027970/9999999997-03-027970-index.htm,11-K,N/A
2003-06-30,https://www.sec.gov/Archives/edgar/data/12927/999999999703027844/9999999997-03-027844-index.htm,11-K,N/A
2003-06-13,https://www.sec.gov/Archives/edgar/data/12927/000119312503009930/0001193125-03-009930-index.htm,8-K,N/A
2003-05-05,https://www.sec.gov/Archives/edgar/data/12927/000095013103002606/0000950131-03-002606-index.htm,10-Q,N/A
2003-04-23,https://www.sec.gov/Archives/edgar/data/12927/000095013103002238/0000950131-03-002238-index.htm,8-K,N/A
2003-04-16,https://www.sec.gov/Archives/edgar/data/12927/000103221003000618/0001032210-03-000618-index.htm,DEFA14A,N/A
2003-04-10,https://www.sec.gov/Archives/edgar/data/12927/000095013103002068/0000950131-03-002068-index.htm,8-K,N/A
2003-04-04,https://www.sec.gov/Archives/edgar/data/12927/000103221003000549/0001032210-03-000549-index.htm,DEFR14A,N/A
2003-03-24,https://www.sec.gov/Archives/edgar/data/12927/999999999703012883/9999999997-03-012883-index.htm,ARS,N/A
2003-03-21,https://www.sec.gov/Archives/edgar/data/12927/000103221003000382/0001032210-03-000382-index.htm,DEF 14A,N/A
2003-03-05,https://www.sec.gov/Archives/edgar/data/12927/999999999703008281/9999999997-03-008281-index.htm,NO ACT,N/A
2003-03-05,https://www.sec.gov/Archives/edgar/data/12927/999999999703008269/9999999997-03-008269-index.htm,NO ACT,N/A
2003-03-05,https://www.sec.gov/Archives/edgar/data/12927/999999999703008117/9999999997-03-008117-index.htm,NO ACT,N/A
2003-02-27,https://www.sec.gov/Archives/edgar/data/12927/000001292703000005/0000012927-03-000005-index.htm,10-K,N/A
2003-02-26,https://www.sec.gov/Archives/edgar/data/12927/999999999703008428/9999999997-03-008428-index.htm,NO ACT,N/A
2003-02-26,https://www.sec.gov/Archives/edgar/data/12927/999999999703008421/9999999997-03-008421-index.htm,NO ACT,N/A
2003-02-26,https://www.sec.gov/Archives/edgar/data/12927/999999999703008419/9999999997-03-008419-index.htm,NO ACT,N/A
2003-02-18,https://www.sec.gov/Archives/edgar/data/12927/999999999703006471/9999999997-03-006471-index.htm,NO ACT,N/A
2003-02-18,https://www.sec.gov/Archives/edgar/data/12927/999999999703006449/9999999997-03-006449-index.htm,NO ACT,N/A
2003-02-18,https://www.sec.gov/Archives/edgar/data/12927/999999999703006448/9999999997-03-006448-index.htm,NO ACT,N/A
2003-02-12,https://www.sec.gov/Archives/edgar/data/12927/000107468303000077/0001074683-03-000077-index.htm,SC 13G,N/A
2003-02-12,https://www.sec.gov/Archives/edgar/data/12927/000009374803000046/0000093748-03-000046-index.htm,SC 13G,N/A
2003-02-11,https://www.sec.gov/Archives/edgar/data/12927/000104746903004705/0001047469-03-004705-index.htm,8-K,N/A
2003-02-10,https://www.sec.gov/Archives/edgar/data/12927/000104746903004557/0001047469-03-004557-index.htm,424B5,N/A
2003-02-06,https://www.sec.gov/Archives/edgar/data/12927/000104746903004271/0001047469-03-004271-index.htm,8-K,N/A
2003-02-04,https://www.sec.gov/Archives/edgar/data/12927/999999999703005477/9999999997-03-005477-index.htm,NO ACT,N/A
2002-12-11,https://www.sec.gov/Archives/edgar/data/12927/999999999702060794/9999999997-02-060794-index.htm,11-K/A,N/A
2002-11-06,https://www.sec.gov/Archives/edgar/data/12927/000001292702000019/0000012927-02-000019-index.htm,10-Q,N/A
2002-10-21,https://www.sec.gov/Archives/edgar/data/12927/000001292702000015/0000012927-02-000015-index.htm,8-K,N/A
2002-10-04,https://www.sec.gov/Archives/edgar/data/12927/000001292702000014/0000012927-02-000014-index.htm,8-K,N/A
2002-09-20,https://www.sec.gov/Archives/edgar/data/12927/000091205702036387/0000912057-02-036387-index.htm,424B3,N/A
2002-09-13,https://www.sec.gov/Archives/edgar/data/12927/000091205702035438/0000912057-02-035438-index.htm,S-3,N/A
2002-09-04,https://www.sec.gov/Archives/edgar/data/12927/000001292702000013/0000012927-02-000013-index.htm,8-K,N/A
2002-08-12,https://www.sec.gov/Archives/edgar/data/12927/000001292702000011/0000012927-02-000011-index.htm,8-K,N/A
2002-08-12,https://www.sec.gov/Archives/edgar/data/12927/000001292702000010/0000012927-02-000010-index.htm,10-Q,N/A
2002-07-01,https://www.sec.gov/Archives/edgar/data/12927/999999999702038352/9999999997-02-038352-index.htm,11-K,N/A
2002-07-01,https://www.sec.gov/Archives/edgar/data/12927/999999999702037945/9999999997-02-037945-index.htm,11-K,N/A
2002-07-01,https://www.sec.gov/Archives/edgar/data/12927/999999999702037941/9999999997-02-037941-index.htm,11-K,N/A
2002-07-01,https://www.sec.gov/Archives/edgar/data/12927/999999999702037939/9999999997-02-037939-index.htm,11-K,N/A
2002-07-01,https://www.sec.gov/Archives/edgar/data/12927/999999999702037937/9999999997-02-037937-index.htm,11-K,N/A
2002-05-14,https://www.sec.gov/Archives/edgar/data/12927/999999999702029724/9999999997-02-029724-index.htm,11-K,N/A
2002-05-13,https://www.sec.gov/Archives/edgar/data/12927/999999999702029715/9999999997-02-029715-index.htm,11-K,N/A
2002-05-13,https://www.sec.gov/Archives/edgar/data/12927/999999999702029713/9999999997-02-029713-index.htm,11-K,N/A
2002-05-13,https://www.sec.gov/Archives/edgar/data/12927/999999999702029711/9999999997-02-029711-index.htm,11-K,N/A
2002-05-07,https://www.sec.gov/Archives/edgar/data/12927/000001292702000007/0000012927-02-000007-index.htm,10-Q,N/A
2002-04-22,https://www.sec.gov/Archives/edgar/data/12927/000091205702016015/0000912057-02-016015-index.htm,DEFA14A,N/A
2002-03-27,https://www.sec.gov/Archives/edgar/data/12927/999999999702026451/9999999997-02-026451-index.htm,NO ACT,N/A
2002-03-25,https://www.sec.gov/Archives/edgar/data/12927/999999999702018162/9999999997-02-018162-index.htm,ARS,N/A
2002-03-22,https://www.sec.gov/Archives/edgar/data/12927/000091205702011051/0000912057-02-011051-index.htm,DEF 14A,N/A
2002-03-08,https://www.sec.gov/Archives/edgar/data/12927/000001292702000005/0000012927-02-000005-index.htm,10-K,N/A
2002-03-04,https://www.sec.gov/Archives/edgar/data/12927/999999999702021301/9999999997-02-021301-index.htm,NO ACT,N/A
2002-02-19,https://www.sec.gov/Archives/edgar/data/12927/999999999702013772/9999999997-02-013772-index.htm,NO ACT,N/A
2002-02-19,https://www.sec.gov/Archives/edgar/data/12927/999999999702014120/9999999997-02-014120-index.htm,NO ACT,N/A
2002-02-13,https://www.sec.gov/Archives/edgar/data/12927/000107468302000060/0001074683-02-000060-index.htm,SC 13G,N/A
2002-02-13,https://www.sec.gov/Archives/edgar/data/12927/999999999702012628/9999999997-02-012628-index.htm,NO ACT,N/A
2002-02-13,https://www.sec.gov/Archives/edgar/data/12927/999999999702014118/9999999997-02-014118-index.htm,NO ACT,N/A
2002-02-13,https://www.sec.gov/Archives/edgar/data/12927/999999999702014128/9999999997-02-014128-index.htm,NO ACT,N/A
2002-02-11,https://www.sec.gov/Archives/edgar/data/12927/000081229502000035/0000812295-02-000035-index.htm,SC 13G/A,N/A
2002-02-07,https://www.sec.gov/Archives/edgar/data/12927/999999999702012451/9999999997-02-012451-index.htm,NO ACT,N/A
2002-02-07,https://www.sec.gov/Archives/edgar/data/12927/999999999702012453/9999999997-02-012453-index.htm,NO ACT,N/A
2002-02-07,https://www.sec.gov/Archives/edgar/data/12927/999999999702021097/9999999997-02-021097-index.htm,NO ACT,N/A
2002-02-06,https://www.sec.gov/Archives/edgar/data/12927/999999999702009024/9999999997-02-009024-index.htm,NO ACT,N/A
2002-02-06,https://www.sec.gov/Archives/edgar/data/12927/999999999702011622/9999999997-02-011622-index.htm,NO ACT,N/A
2002-02-06,https://www.sec.gov/Archives/edgar/data/12927/999999999702012617/9999999997-02-012617-index.htm,NO ACT,N/A
2002-02-05,https://www.sec.gov/Archives/edgar/data/12927/000009374802000012/0000093748-02-000012-index.htm,SC 13G,N/A
2002-01-17,https://www.sec.gov/Archives/edgar/data/12927/999999999702006806/9999999997-02-006806-index.htm,NO ACT,N/A
2001-11-13,https://www.sec.gov/Archives/edgar/data/12927/000103221001501358/0001032210-01-501358-index.htm,S-8,N/A
2001-10-30,https://www.sec.gov/Archives/edgar/data/12927/000089102001500189/0000891020-01-500189-index.htm,8-K,N/A
2001-10-25,https://www.sec.gov/Archives/edgar/data/12927/000001292701500012/0000012927-01-500012-index.htm,10-Q,N/A
2001-09-20,https://www.sec.gov/Archives/edgar/data/12927/000109581101505025/0001095811-01-505025-index.htm,8-K,N/A
2001-09-10,https://www.sec.gov/Archives/edgar/data/12927/000089102001500177/0000891020-01-500177-index.htm,8-K,N/A
2001-08-09,https://www.sec.gov/Archives/edgar/data/12927/000001292701500009/0000012927-01-500009-index.htm,10-Q,N/A
2001-05-08,https://www.sec.gov/Archives/edgar/data/12927/000001292701500005/0000012927-01-500005-index.htm,10-Q,N/A
2001-04-30,https://www.sec.gov/Archives/edgar/data/12927/000103221001500439/0001032210-01-500439-index.htm,DEFA14A,N/A
2001-03-23,https://www.sec.gov/Archives/edgar/data/12927/000095010901500277/0000950109-01-500277-index.htm,DEF 14A,N/A
2001-03-09,https://www.sec.gov/Archives/edgar/data/12927/000001292701000004/0000012927-01-000004-index.htm,10-K,N/A
2001-02-15,https://www.sec.gov/Archives/edgar/data/12927/000081229501000123/0000812295-01-000123-index.htm,SC 13G,N/A
2001-02-13,https://www.sec.gov/Archives/edgar/data/12927/000031506601000163/0000315066-01-000163-index.htm,SC 13G/A,N/A
2001-02-09,https://www.sec.gov/Archives/edgar/data/12927/000009374801500066/0000093748-01-500066-index.htm,SC 13G,N/A
2001-01-24,https://www.sec.gov/Archives/edgar/data/12927/000091205701002667/0000912057-01-002667-index.htm,S-8,N/A
2000-11-06,https://www.sec.gov/Archives/edgar/data/12927/000001292700000009/0000012927-00-000009-index.htm,10-Q,N/A
2000-10-06,https://www.sec.gov/Archives/edgar/data/12927/000009374800500007/0000093748-00-500007-index.htm,SC 13G,N/A
2000-10-06,https://www.sec.gov/Archives/edgar/data/12927/000091205700043956/0000912057-00-043956-index.htm,S-8,N/A
2000-08-02,https://www.sec.gov/Archives/edgar/data/12927/000001292700000007/0000012927-00-000007-index.htm,10-Q,N/A
2000-07-21,https://www.sec.gov/Archives/edgar/data/12927/000091205700032765/0000912057-00-032765-index.htm,S-8,N/A
2000-05-12,https://www.sec.gov/Archives/edgar/data/12927/0000012927-00-000005-index.html,10-Q,N/A
2000-04-21,https://www.sec.gov/Archives/edgar/data/12927/0000912057-00-019076-index.html,S-8,N/A
2000-03-24,https://www.sec.gov/Archives/edgar/data/12927/0000912057-00-013279-index.html,DEF 14A,N/A
2000-03-08,https://www.sec.gov/Archives/edgar/data/12927/0000012927-00-000002-index.html,10-K,N/A
2000-02-11,https://www.sec.gov/Archives/edgar/data/12927/0000315066-00-000145-index.html,SC 13G,N/A
2000-02-08,https://www.sec.gov/Archives/edgar/data/12927/0000093748-00-000009-index.html,SC 13G,N/A
1999-11-12,https://www.sec.gov/Archives/edgar/data/12927/0000012927-99-000030-index.html,10-Q,N/A
1999-10-26,https://www.sec.gov/Archives/edgar/data/12927/0001032210-99-001453-index.html,8-K,N/A
1999-09-02,https://www.sec.gov/Archives/edgar/data/12927/0000012927-99-000024-index.html,8-K,N/A
1999-08-12,https://www.sec.gov/Archives/edgar/data/12927/0000012927-99-000022-index.html,10-Q,N/A
1999-05-14,https://www.sec.gov/Archives/edgar/data/12927/0000012927-99-000017-index.html,10-Q,N/A
1999-03-19,https://www.sec.gov/Archives/edgar/data/12927/0001047469-99-010424-index.html,DEF 14A,N/A
1999-03-05,https://www.sec.gov/Archives/edgar/data/12927/0000012927-99-000010-index.html,10-K,N/A
1999-02-11,https://www.sec.gov/Archives/edgar/data/12927/0000093748-99-000041-index.html,SC 13G,N/A
1998-11-06,https://www.sec.gov/Archives/edgar/data/12927/0000012927-98-000024-index.html,10-Q,N/A
1998-08-24,https://www.sec.gov/Archives/edgar/data/12927/0000012927-98-000020-index.html,8-K,N/A
1998-08-12,https://www.sec.gov/Archives/edgar/data/12927/0000012927-98-000017-index.html,10-Q,N/A
1998-06-03,https://www.sec.gov/Archives/edgar/data/12927/0000891020-98-000929-index.html,424B3,N/A
1998-05-29,https://www.sec.gov/Archives/edgar/data/12927/0000891020-98-000905-index.html,S-4/A,N/A
1998-05-13,https://www.sec.gov/Archives/edgar/data/12927/0000891020-98-000799-index.html,S-4,N/A
1998-05-12,https://www.sec.gov/Archives/edgar/data/12927/0000012927-98-000013-index.html,10-Q,N/A
1998-04-10,https://www.sec.gov/Archives/edgar/data/12927/0000891020-98-000570-index.html,8-K,N/A
1998-03-20,https://www.sec.gov/Archives/edgar/data/12927/0000891020-98-000356-index.html,DEF 14A,N/A
1998-03-04,https://www.sec.gov/Archives/edgar/data/12927/0000012927-98-000007-index.html,10-K,N/A
1998-02-02,https://www.sec.gov/Archives/edgar/data/12927/0000891020-98-000078-index.html,8-K,N/A
1998-01-28,https://www.sec.gov/Archives/edgar/data/12927/0000891020-98-000072-index.html,8-K,N/A
1997-11-14,https://www.sec.gov/Archives/edgar/data/12927/0000012927-97-000042-index.html,10-Q,N/A
1997-10-27,https://www.sec.gov/Archives/edgar/data/12927/0000012927-97-000035-index.html,8-K,N/A
1997-08-14,https://www.sec.gov/Archives/edgar/data/12927/0000012927-97-000032-index.html,10-Q,N/A
1997-08-14,https://www.sec.gov/Archives/edgar/data/12927/0000950157-97-000394-index.html,8-K,N/A
1997-08-12,https://www.sec.gov/Archives/edgar/data/12927/0000950157-97-000376-index.html,SC 13D,N/A
1997-07-31,https://www.sec.gov/Archives/edgar/data/12927/0000891020-97-001028-index.html,S-8,N/A
1997-07-31,https://www.sec.gov/Archives/edgar/data/12927/0000891020-97-001029-index.html,S-8,N/A
1997-07-31,https://www.sec.gov/Archives/edgar/data/12927/0000891020-97-001030-index.html,S-8,N/A
1997-07-30,https://www.sec.gov/Archives/edgar/data/12927/0000891020-97-001026-index.html,S-8,N/A
1997-07-30,https://www.sec.gov/Archives/edgar/data/12927/0000950157-97-000347-index.html,8-K,N/A
1997-07-28,https://www.sec.gov/Archives/edgar/data/12927/0000950157-97-000338-index.html,8-K,N/A
1997-07-23,https://www.sec.gov/Archives/edgar/data/12927/0000950157-97-000331-index.html,8-K,N/A
1997-07-22,https://www.sec.gov/Archives/edgar/data/12927/0000950157-97-000327-index.html,8-K,N/A
1997-07-03,https://www.sec.gov/Archives/edgar/data/12927/0000950157-97-000295-index.html,8-K,N/A
1997-06-20,https://www.sec.gov/Archives/edgar/data/12927/0000950123-97-005169-index.html,S-4,N/A
1997-06-20,https://www.sec.gov/Archives/edgar/data/12927/0000950123-97-005181-index.html,DEFM14A,N/A
1997-05-14,https://www.sec.gov/Archives/edgar/data/12927/0000012927-97-000026-index.html,10-Q,N/A
1997-05-12,https://www.sec.gov/Archives/edgar/data/12927/0000891020-97-000786-index.html,S-8,N/A
1997-03-14,https://www.sec.gov/Archives/edgar/data/12927/0000898430-97-000989-index.html,DEF 14A,N/A
1997-03-13,https://www.sec.gov/Archives/edgar/data/12927/0001009881-97-000026-index.html,PRRN14A,N/A
1997-03-10,https://www.sec.gov/Archives/edgar/data/12927/0000012927-97-000020-index.html,10-K,N/A
1997-03-06,https://www.sec.gov/Archives/edgar/data/12927/0001009881-97-000017-index.html,PRRN14A,N/A
1997-02-28,https://www.sec.gov/Archives/edgar/data/12927/0001012870-97-000415-index.html,PRE 14A,N/A
1997-02-25,https://www.sec.gov/Archives/edgar/data/12927/0001009881-97-000011-index.html,PRRN14A,N/A
1997-02-12,https://www.sec.gov/Archives/edgar/data/12927/0001009881-97-000008-index.html,PRRN14A,N/A
1997-01-28,https://www.sec.gov/Archives/edgar/data/12927/0001009881-97-000006-index.html,PREN14A,N/A
1996-12-20,https://www.sec.gov/Archives/edgar/data/12927/0000950157-96-000480-index.html,8-K,N/A
1996-12-20,https://www.sec.gov/Archives/edgar/data/12927/0000950157-96-000483-index.html,8-K,N/A
1996-11-19,https://www.sec.gov/Archives/edgar/data/12927/0000891020-96-001484-index.html,S-8,N/A
1996-11-14,https://www.sec.gov/Archives/edgar/data/12927/0000012927-96-000025-index.html,10-Q,N/A
1996-11-05,https://www.sec.gov/Archives/edgar/data/12927/0000912057-96-024701-index.html,S-3/A,N/A
1996-10-30,https://www.sec.gov/Archives/edgar/data/12927/0000950157-96-000350-index.html,S-3/A,N/A
1996-10-29,https://www.sec.gov/Archives/edgar/data/12927/0000950123-96-006004-index.html,S-4,N/A
1996-09-11,https://www.sec.gov/Archives/edgar/data/12927/0000950157-96-000244-index.html,S-3,N/A
1996-08-30,https://www.sec.gov/Archives/edgar/data/12927/0000012927-96-000014-index.html,S-8 POS,N/A
1996-08-09,https://www.sec.gov/Archives/edgar/data/12927/0000012927-96-000007-index.html,10-Q,N/A
1996-05-13,https://www.sec.gov/Archives/edgar/data/12927/0000012927-96-000005-index.html,10-Q,N/A
1996-05-06,https://www.sec.gov/Archives/edgar/data/12927/0000891020-96-000384-index.html,S-8,N/A
1996-03-13,https://www.sec.gov/Archives/edgar/data/12927/0000012927-96-000003-index.html,10-K,N/A
1996-03-08,https://www.sec.gov/Archives/edgar/data/12927/0000891020-96-000212-index.html,DEF 14A,N/A
1995-11-08,https://www.sec.gov/Archives/edgar/data/12927/0000012927-95-000010-index.html,10-Q,N/A
1995-08-10,https://www.sec.gov/Archives/edgar/data/12927/0000012927-95-000008-index.html,10-Q,N/A
1995-05-12,https://www.sec.gov/Archives/edgar/data/12927/0000012927-95-000004-index.html,10-Q,N/A
1995-03-16,https://www.sec.gov/Archives/edgar/data/12927/0000891020-95-000053-index.html,DEFR14A,N/A
1995-03-10,https://www.sec.gov/Archives/edgar/data/12927/0000891020-95-000046-index.html,DEF 14A,N/A
1995-03-09,https://www.sec.gov/Archives/edgar/data/12927/0000012927-95-000002-index.html,10-K,N/A
1994-11-07,https://www.sec.gov/Archives/edgar/data/12927/0000012927-94-000016-index.html,10-Q,N/A
1994-08-09,https://www.sec.gov/Archives/edgar/data/12927/0000012927-94-000015-index.html,10-Q,N/A
1994-06-28,https://www.sec.gov/Archives/edgar/data/12927/0000012927-94-000013-index.html,11-K,N/A
1994-05-13,https://www.sec.gov/Archives/edgar/data/12927/0000012927-94-000010-index.html,10-Q,N/A
1994-03-22,https://www.sec.gov/Archives/edgar/data/12927/0000012927-94-000008-index.html,S-8,N/A
1994-03-17,https://www.sec.gov/Archives/edgar/data/12927/0000012927-94-000004-index.html,10-K,N/A
1994-03-15,https://www.sec.gov/Archives/edgar/data/12927/0000012927-94-000001-index.html,DEF 14A,N/A
