context_ref,data,key
FI2017Q3,1285100000,AccountsPayableCurrent
FI2017Q4,902000000,AccountsPayableCurrent
FI2018Q3,1468900000,AccountsPayableCurrent
FI2017Q3,17500000,AccruedIncomeTaxesCurrent
FI2017Q4,37500000,AccruedIncomeTaxesCurrent
FI2018Q3,47600000,AccruedIncomeTaxesCurrent
FI2018Q3_us-gaap_InitialApplicationPeriodCumulativeEffectTransitionAxis_us-gaap_CalculatedUnderRevenueGuidanceInEffectBeforeTopic606Member,46700000,AccruedIncomeTaxesCurrent
FI2018Q3_us-gaap_InitialApplicationPeriodCumulativeEffectTransitionAxis_us-gaap_DifferenceBetweenRevenueGuidanceInEffectBeforeAndAfterTopic606Member,900000,AccruedIncomeTaxesCurrent
FI2017Q3,914900000,AccruedLiabilitiesCurrent
FI2017Q4,976100000,AccruedLiabilitiesCurrent
FI2018Q3,676500000,AccruedLiabilitiesCurrent
FI2018Q3_us-gaap_InitialApplicationPeriodCumulativeEffectTransitionAxis_us-gaap_CalculatedUnderRevenueGuidanceInEffectBeforeTopic606Member,690800000,AccruedLiabilitiesCurrent
FI2018Q3_us-gaap_InitialApplicationPeriodCumulativeEffectTransitionAxis_us-gaap_DifferenceBetweenRevenueGuidanceInEffectBeforeAndAfterTopic606Member,14300000,AccruedLiabilitiesCurrent
FI2017Q3,1300900000,AccumulatedDepreciationDepletionAndAmortizationPropertyPlantAndEquipment
FI2017Q4,1330000000,AccumulatedDepreciationDepletionAndAmortizationPropertyPlantAndEquipment
FI2018Q3,1312300000,AccumulatedDepreciationDepletionAndAmortizationPropertyPlantAndEquipment
FI2017Q3,-24300000,AccumulatedOtherComprehensiveIncomeLossNetOfTax
FI2017Q4,12200000,AccumulatedOtherComprehensiveIncomeLossNetOfTax
FI2018Q3,-54000000,AccumulatedOtherComprehensiveIncomeLossNetOfTax
FI2017Q3,12800000,AdditionalPaidInCapitalCommonStock
FI2017Q4,22100000,AdditionalPaidInCapitalCommonStock
FI2018Q3,29800000,AdditionalPaidInCapitalCommonStock
FD2017Q1QTD,5900000,AdjustmentsToAdditionalPaidInCapitalSharebasedCompensationRequisiteServicePeriodRecognitionValue
FD2017Q1QTD_us-gaap_StatementEquityComponentsAxis_us-gaap_AdditionalPaidInCapitalMember,5900000,AdjustmentsToAdditionalPaidInCapitalSharebasedCompensationRequisiteServicePeriodRecognitionValue
FD2017Q2QTD,5300000,AdjustmentsToAdditionalPaidInCapitalSharebasedCompensationRequisiteServicePeriodRecognitionValue
FD2017Q2QTD_us-gaap_StatementEquityComponentsAxis_us-gaap_AdditionalPaidInCapitalMember,5300000,AdjustmentsToAdditionalPaidInCapitalSharebasedCompensationRequisiteServicePeriodRecognitionValue
FD2017Q3QTD,5000000,AdjustmentsToAdditionalPaidInCapitalSharebasedCompensationRequisiteServicePeriodRecognitionValue
FD2017Q3QTD_us-gaap_StatementEquityComponentsAxis_us-gaap_AdditionalPaidInCapitalMember,5000000,AdjustmentsToAdditionalPaidInCapitalSharebasedCompensationRequisiteServicePeriodRecognitionValue
FD2018Q1QTD,7600000,AdjustmentsToAdditionalPaidInCapitalSharebasedCompensationRequisiteServicePeriodRecognitionValue
FD2018Q1QTD_us-gaap_StatementEquityComponentsAxis_us-gaap_AdditionalPaidInCapitalMember,7600000,AdjustmentsToAdditionalPaidInCapitalSharebasedCompensationRequisiteServicePeriodRecognitionValue
FD2018Q2QTD,2000000,AdjustmentsToAdditionalPaidInCapitalSharebasedCompensationRequisiteServicePeriodRecognitionValue
FD2018Q2QTD_us-gaap_StatementEquityComponentsAxis_us-gaap_AdditionalPaidInCapitalMember,2000000,AdjustmentsToAdditionalPaidInCapitalSharebasedCompensationRequisiteServicePeriodRecognitionValue
FD2018Q3QTD,3200000,AdjustmentsToAdditionalPaidInCapitalSharebasedCompensationRequisiteServicePeriodRecognitionValue
FD2018Q3QTD_us-gaap_StatementEquityComponentsAxis_us-gaap_AdditionalPaidInCapitalMember,3200000,AdjustmentsToAdditionalPaidInCapitalSharebasedCompensationRequisiteServicePeriodRecognitionValue
FD2017Q3QTD,2000000,AntidilutiveSecuritiesExcludedFromComputationOfEarningsPerShareAmount
FD2017Q3YTD,2100000,AntidilutiveSecuritiesExcludedFromComputationOfEarningsPerShareAmount
FD2018Q3QTD,1700000,AntidilutiveSecuritiesExcludedFromComputationOfEarningsPerShareAmount
FD2018Q3YTD,1700000,AntidilutiveSecuritiesExcludedFromComputationOfEarningsPerShareAmount
FD2017Q3YTD,0,AssetImpairmentCharges
FD2018Q3YTD,587500000,AssetImpairmentCharges
FI2017Q3,5474000000,Assets
FI2017Q4,5041600000,Assets
FI2018Q3,4656700000,Assets
FI2018Q3_us-gaap_InitialApplicationPeriodCumulativeEffectTransitionAxis_us-gaap_CalculatedUnderRevenueGuidanceInEffectBeforeTopic606Member,4655900000,Assets
FI2018Q3_us-gaap_InitialApplicationPeriodCumulativeEffectTransitionAxis_us-gaap_DifferenceBetweenRevenueGuidanceInEffectBeforeAndAfterTopic606Member,800000,Assets
FI2017Q3,2671000000,AssetsCurrent
FI2017Q4,2538700000,AssetsCurrent
FI2018Q3,2797100000,AssetsCurrent
FI2018Q3_us-gaap_InitialApplicationPeriodCumulativeEffectTransitionAxis_us-gaap_CalculatedUnderRevenueGuidanceInEffectBeforeTopic606Member,2791700000,AssetsCurrent
FI2018Q3_us-gaap_InitialApplicationPeriodCumulativeEffectTransitionAxis_us-gaap_DifferenceBetweenRevenueGuidanceInEffectBeforeAndAfterTopic606Member,5400000,AssetsCurrent
FI2017Q3_us-gaap_FairValueByFairValueHierarchyLevelAxis_us-gaap_FairValueInputsLevel2Member_us-gaap_FairValueByMeasurementFrequencyAxis_us-gaap_FairValueMeasurementsRecurringMember,15300000,AssetsFairValueDisclosure
FI2017Q4_us-gaap_FairValueByFairValueHierarchyLevelAxis_us-gaap_FairValueInputsLevel2Member_us-gaap_FairValueByMeasurementFrequencyAxis_us-gaap_FairValueMeasurementsRecurringMember,16300000,AssetsFairValueDisclosure
FI2018Q3_us-gaap_FairValueByFairValueHierarchyLevelAxis_us-gaap_FairValueInputsLevel2Member_us-gaap_FairValueByMeasurementFrequencyAxis_us-gaap_FairValueMeasurementsRecurringMember,19000000,AssetsFairValueDisclosure
FI2017Q3,2803000000,AssetsNoncurrent
FI2017Q4,2502900000,AssetsNoncurrent
FI2018Q3,1859600000,AssetsNoncurrent
FI2018Q3_us-gaap_InitialApplicationPeriodCumulativeEffectTransitionAxis_us-gaap_CalculatedUnderRevenueGuidanceInEffectBeforeTopic606Member,1864200000,AssetsNoncurrent
FI2018Q3_us-gaap_InitialApplicationPeriodCumulativeEffectTransitionAxis_us-gaap_DifferenceBetweenRevenueGuidanceInEffectBeforeAndAfterTopic606Member,4600000,AssetsNoncurrent
FI2018Q3_us-gaap_StatementGeographicalAxis_country_LU,3800000,BankOverdrafts
FD2017Q4YTD_us-gaap_BusinessAcquisitionAxis_gme_CellularWorldRedSkyeMember,11000000,BusinessCombinationContingentConsiderationArrangementsChangeInAmountOfContingentConsiderationLiability1
FI2017Q3_us-gaap_FairValueByFairValueHierarchyLevelAxis_us-gaap_FairValueInputsLevel3Member_us-gaap_FairValueByMeasurementFrequencyAxis_us-gaap_FairValueMeasurementsRecurringMember,17500000,BusinessCombinationContingentConsiderationLiability
FI2017Q4_us-gaap_FairValueByFairValueHierarchyLevelAxis_us-gaap_FairValueInputsLevel3Member_us-gaap_FairValueByMeasurementFrequencyAxis_us-gaap_FairValueMeasurementsRecurringMember,12200000,BusinessCombinationContingentConsiderationLiability
FI2018Q3_us-gaap_FairValueByFairValueHierarchyLevelAxis_us-gaap_FairValueInputsLevel3Member_us-gaap_FairValueByMeasurementFrequencyAxis_us-gaap_FairValueMeasurementsRecurringMember,0,BusinessCombinationContingentConsiderationLiability
I2016Q3Acquired_us-gaap_BalanceSheetLocationAxis_us-gaap_OtherNoncurrentLiabilitiesMember_us-gaap_BusinessAcquisitionAxis_gme_CellularWorldRedSkyeMember_us-gaap_FairValueByFairValueHierarchyLevelAxis_us-gaap_FairValueInputsLevel3Member_us-gaap_FairValueByMeasurementFrequencyAxis_us-gaap_FairValueMeasurementsRecurringMember,23200000,BusinessCombinationContingentConsiderationLiability
I2016Q3Acquired_us-gaap_FairValueByFairValueHierarchyLevelAxis_us-gaap_FairValueInputsLevel3Member_us-gaap_FairValueByMeasurementFrequencyAxis_us-gaap_FairValueMeasurementsRecurringMember,43200000,BusinessCombinationContingentConsiderationLiability
FI2017Q3,454700000,CashAndCashEquivalentsAtCarryingValue
FI2017Q4,864400000,CashAndCashEquivalentsAtCarryingValue
FI2018Q3,454500000,CashAndCashEquivalentsAtCarryingValue
FI2016Q4,679700000,CashCashEquivalentsRestrictedCashAndRestrictedCashEquivalents
FI2017Q3,468400000,CashCashEquivalentsRestrictedCashAndRestrictedCashEquivalents
FI2017Q4,879300000,CashCashEquivalentsRestrictedCashAndRestrictedCashEquivalents
FI2018Q3,469500000,CashCashEquivalentsRestrictedCashAndRestrictedCashEquivalents
FD2017Q3YTD,-211300000,CashCashEquivalentsRestrictedCashAndRestrictedCashEquivalentsPeriodIncreaseDecreaseIncludingExchangeRateEffect
FD2018Q3YTD,-409800000,CashCashEquivalentsRestrictedCashAndRestrictedCashEquivalentsPeriodIncreaseDecreaseIncludingExchangeRateEffect
D2018Q3DividendDeclared_us-gaap_SubsequentEventTypeAxis_us-gaap_SubsequentEventMember,-409800000,CommonStockDividendsPerShareDeclared
FD2017Q1QTD,-409800000,CommonStockDividendsPerShareDeclared
FD2017Q2QTD,-409800000,CommonStockDividendsPerShareDeclared
FD2017Q3QTD,-409800000,CommonStockDividendsPerShareDeclared
FD2017Q3YTD,-409800000,CommonStockDividendsPerShareDeclared
FD2018Q1QTD,-409800000,CommonStockDividendsPerShareDeclared
FD2018Q2QTD,-409800000,CommonStockDividendsPerShareDeclared
FD2018Q3QTD,-409800000,CommonStockDividendsPerShareDeclared
FD2018Q3YTD,-409800000,CommonStockDividendsPerShareDeclared
FI2017Q3,-409800000,CommonStockParOrStatedValuePerShare
FI2017Q4,-409800000,CommonStockParOrStatedValuePerShare
FI2018Q3,-409800000,CommonStockParOrStatedValuePerShare
FI2017Q3,300000000,CommonStockSharesAuthorized
FI2017Q4,300000000,CommonStockSharesAuthorized
FI2018Q3,300000000,CommonStockSharesAuthorized
FI2017Q3,101300000,CommonStockSharesIssued
FI2017Q4,101300000,CommonStockSharesIssued
FI2018Q3,102000000,CommonStockSharesIssued
FI2017Q3,101300000,CommonStockSharesOutstanding
FI2017Q4,101300000,CommonStockSharesOutstanding
FI2018Q3,102000000,CommonStockSharesOutstanding
FI2017Q3,100000,CommonStockValue
FI2017Q4,100000,CommonStockValue
FI2018Q3,100000,CommonStockValue
FD2017Q3QTD,36200000,ComprehensiveIncomeNetOfTax
FD2017Q3YTD,163600000,ComprehensiveIncomeNetOfTax
FD2018Q3QTD,-502200000,ComprehensiveIncomeNetOfTax
FD2018Q3YTD,-551500000,ComprehensiveIncomeNetOfTax
D2018Q1,4400000,ContractWithCustomerAssetCumulativeCatchUpAdjustmentToRevenueChangeInMeasureOfProgress
FI2017Q4,426000000,ContractWithCustomerLiability
D2018Q1_gme_TypeofCustomerLiabilityAxis_gme_GiftCardsTradeInCreditsReservationDepositsMember,44300000,ContractWithCustomerLiabilityCumulativeCatchUpAdjustmentToRevenueChangeInMeasureOfProgress
D2018Q1_gme_TypeofCustomerLiabilityAxis_gme_LoyaltyProgramMember,28200000,ContractWithCustomerLiabilityCumulativeCatchUpAdjustmentToRevenueChangeInMeasureOfProgress
FD2018Q3YTD,-16800000,ContractWithCustomerLiabilityCumulativeCatchUpAdjustmentToRevenueChangeInMeasureOfProgress
FI2018Q3,393800000,ContractWithCustomerLiabilityCurrent
FD2018Q3YTD_gme_TypeofCustomerLiabilityAxis_gme_GiftCardsTradeInCreditsMember,56200000,ContractWithCustomerLiabilityRevenueRecognized
FD2017Q3QTD,1299200000,CostOfGoodsSold
FD2017Q3YTD,3706500000,CostOfGoodsSold
FD2018Q3QTD,1393600000,CostOfGoodsSold
FD2018Q3QTD_us-gaap_InitialApplicationPeriodCumulativeEffectTransitionAxis_us-gaap_CalculatedUnderRevenueGuidanceInEffectBeforeTopic606Member,1389500000,CostOfGoodsSold
FD2018Q3QTD_us-gaap_InitialApplicationPeriodCumulativeEffectTransitionAxis_us-gaap_DifferenceBetweenRevenueGuidanceInEffectBeforeAndAfterTopic606Member,4100000,CostOfGoodsSold
FD2018Q3YTD,3720900000,CostOfGoodsSold
FD2018Q3YTD_us-gaap_InitialApplicationPeriodCumulativeEffectTransitionAxis_us-gaap_CalculatedUnderRevenueGuidanceInEffectBeforeTopic606Member,3706700000,CostOfGoodsSold
FD2018Q3YTD_us-gaap_InitialApplicationPeriodCumulativeEffectTransitionAxis_us-gaap_DifferenceBetweenRevenueGuidanceInEffectBeforeAndAfterTopic606Member,14200000,CostOfGoodsSold
D2018Q1,16100000,CumulativeEffectOnRetainedEarningsBeforeTax1
D2018Q1,11500000,CumulativeEffectOnRetainedEarningsNetOfTax1
FD2018Q1QTD,11500000,CumulativeEffectOnRetainedEarningsNetOfTax1
FD2018Q1QTD_us-gaap_StatementEquityComponentsAxis_us-gaap_RetainedEarningsMember,11500000,CumulativeEffectOnRetainedEarningsNetOfTax1
FI2017Q3_us-gaap_DebtInstrumentAxis_gme_SeniorNotes5.5due2019Member_us-gaap_LongtermDebtTypeAxis_us-gaap_UnsecuredDebtMember,350000000,DebtInstrumentCarryingAmount
FI2017Q3_us-gaap_DebtInstrumentAxis_gme_SeniorNotes6.75due2021Member_us-gaap_LongtermDebtTypeAxis_us-gaap_UnsecuredDebtMember,475000000,DebtInstrumentCarryingAmount
FI2017Q4_us-gaap_DebtInstrumentAxis_gme_SeniorNotes5.5due2019Member_us-gaap_LongtermDebtTypeAxis_us-gaap_UnsecuredDebtMember,350000000,DebtInstrumentCarryingAmount
FI2017Q4_us-gaap_DebtInstrumentAxis_gme_SeniorNotes6.75due2021Member_us-gaap_LongtermDebtTypeAxis_us-gaap_UnsecuredDebtMember,475000000,DebtInstrumentCarryingAmount
FI2018Q3_us-gaap_DebtInstrumentAxis_gme_SeniorNotes5.5due2019Member_us-gaap_LongtermDebtTypeAxis_us-gaap_UnsecuredDebtMember,350000000,DebtInstrumentCarryingAmount
FI2018Q3_us-gaap_DebtInstrumentAxis_gme_SeniorNotes6.75due2021Member_us-gaap_LongtermDebtTypeAxis_us-gaap_UnsecuredDebtMember,475000000,DebtInstrumentCarryingAmount
I2014Q3SeniorNote2019_us-gaap_DebtInstrumentAxis_gme_SeniorNotes5.5due2019Member_us-gaap_LongtermDebtTypeAxis_us-gaap_UnsecuredDebtMember,350000000,DebtInstrumentFaceAmount
I2016Q1SeniorNote2021_us-gaap_DebtInstrumentAxis_gme_SeniorNotes6.75due2021Member_us-gaap_LongtermDebtTypeAxis_us-gaap_UnsecuredDebtMember,475000000,DebtInstrumentFaceAmount
FI2018Q3_gme_TypeofDeferredCreditsAxis_gme_CustomerLiabilitiesMember,293600000,DeferredCreditsAndOtherLiabilitiesCurrent
FI2018Q3_gme_TypeofDeferredCreditsAxis_gme_ExtendedWarrantiesMember,57700000,DeferredCreditsAndOtherLiabilitiesCurrent
FI2018Q3_gme_TypeofDeferredCreditsAxis_gme_MagazineSubscriptionsMember,42500000,DeferredCreditsAndOtherLiabilitiesCurrent
I2014Q3SeniorNote2019_us-gaap_DebtInstrumentAxis_gme_SeniorNotes5.5due2019Member,6300000,DeferredFinanceCostsGross
I2016Q1SeniorNote2021_us-gaap_DebtInstrumentAxis_gme_SeniorNotes6.75due2021Member_us-gaap_LongtermDebtTypeAxis_us-gaap_UnsecuredDebtMember,8100000,DeferredFinanceCostsGross
FI2018Q3,5000000,DeferredFinanceCostsNet
FI2017Q3,7800000,DeferredFinanceCostsNoncurrentNet
FI2017Q4,7100000,DeferredFinanceCostsNoncurrentNet
FD2017Q3YTD,-14200000,DeferredIncomeTaxExpenseBenefit
FD2018Q3YTD,-46500000,DeferredIncomeTaxExpenseBenefit
FI2017Q3,73200000,DeferredTaxAssetsLiabilitiesNetNoncurrent
FI2017Q4,158200000,DeferredTaxAssetsLiabilitiesNetNoncurrent
FI2018Q3,189000000,DeferredTaxAssetsLiabilitiesNetNoncurrent
FI2018Q3_us-gaap_InitialApplicationPeriodCumulativeEffectTransitionAxis_us-gaap_CalculatedUnderRevenueGuidanceInEffectBeforeTopic606Member,193600000,DeferredTaxAssetsLiabilitiesNetNoncurrent
FI2018Q3_us-gaap_InitialApplicationPeriodCumulativeEffectTransitionAxis_us-gaap_DifferenceBetweenRevenueGuidanceInEffectBeforeAndAfterTopic606Member,4600000,DeferredTaxAssetsLiabilitiesNetNoncurrent
FI2017Q3,22200000,DeferredTaxLiabilitiesNoncurrent
FI2017Q4,5000000,DeferredTaxLiabilitiesNoncurrent
FI2018Q3,100000,DeferredTaxLiabilitiesNoncurrent
FD2017Q3QTD,36700000,DepreciationAndAmortization
FD2017Q3YTD,112300000,DepreciationAndAmortization
FD2018Q3QTD,30200000,DepreciationAndAmortization
FD2018Q3YTD,96500000,DepreciationAndAmortization
FD2017Q3QTD_us-gaap_IncomeStatementLocationAxis_us-gaap_SellingGeneralAndAdministrativeExpensesMember,-2500000,DerivativeGainLossOnDerivativeNet
FD2017Q3YTD_us-gaap_IncomeStatementLocationAxis_us-gaap_SellingGeneralAndAdministrativeExpensesMember,-12600000,DerivativeGainLossOnDerivativeNet
FD2018Q3QTD_us-gaap_IncomeStatementLocationAxis_us-gaap_SellingGeneralAndAdministrativeExpensesMember,600000,DerivativeGainLossOnDerivativeNet
FD2018Q3YTD_us-gaap_IncomeStatementLocationAxis_us-gaap_SellingGeneralAndAdministrativeExpensesMember,10000000,DerivativeGainLossOnDerivativeNet
FD2017Q1QTD,38600000,Dividends
FD2017Q1QTD_us-gaap_StatementEquityComponentsAxis_us-gaap_RetainedEarningsMember,38600000,Dividends
FD2017Q2QTD,39100000,Dividends
FD2017Q2QTD_us-gaap_StatementEquityComponentsAxis_us-gaap_RetainedEarningsMember,39100000,Dividends
FD2017Q3QTD,39100000,Dividends
FD2017Q3QTD_us-gaap_StatementEquityComponentsAxis_us-gaap_RetainedEarningsMember,39100000,Dividends
FD2018Q1QTD,38900000,Dividends
FD2018Q1QTD_us-gaap_StatementEquityComponentsAxis_us-gaap_RetainedEarningsMember,38900000,Dividends
FD2018Q2QTD,39000000,Dividends
FD2018Q2QTD_us-gaap_StatementEquityComponentsAxis_us-gaap_RetainedEarningsMember,39000000,Dividends
FD2018Q3QTD,39200000,Dividends
FD2018Q3QTD_us-gaap_StatementEquityComponentsAxis_us-gaap_RetainedEarningsMember,39200000,Dividends
FD2017Q3QTD,39200000,EarningsPerShareBasic
FD2017Q3YTD,39200000,EarningsPerShareBasic
FD2018Q3QTD,39200000,EarningsPerShareBasic
FD2018Q3YTD,39200000,EarningsPerShareBasic
FD2017Q3QTD,39200000,EarningsPerShareDiluted
FD2017Q3YTD,39200000,EarningsPerShareDiluted
FD2018Q3QTD,39200000,EarningsPerShareDiluted
FD2018Q3YTD,39200000,EarningsPerShareDiluted
FD2017Q3YTD,7700000,EffectOfExchangeRateOnCashCashEquivalentsRestrictedCashAndRestrictedCashEquivalents
FD2018Q3YTD,-28400000,EffectOfExchangeRateOnCashCashEquivalentsRestrictedCashAndRestrictedCashEquivalents
FI2017Q4,105200000,FiniteLivedIntangibleAssetsAccumulatedAmortization
FI2017Q4_us-gaap_FiniteLivedIntangibleAssetsByMajorClassAxis_gme_KeyMoneyMember,67000000,FiniteLivedIntangibleAssetsAccumulatedAmortization
FI2017Q4_us-gaap_FiniteLivedIntangibleAssetsByMajorClassAxis_us-gaap_CustomerRelationshipsMember,6800000,FiniteLivedIntangibleAssetsAccumulatedAmortization
FI2017Q4_us-gaap_FiniteLivedIntangibleAssetsByMajorClassAxis_us-gaap_OtherIntangibleAssetsMember,31400000,FiniteLivedIntangibleAssetsAccumulatedAmortization
FI2018Q3,97800000,FiniteLivedIntangibleAssetsAccumulatedAmortization
FI2018Q3_us-gaap_FiniteLivedIntangibleAssetsByMajorClassAxis_gme_KeyMoneyMember,65600000,FiniteLivedIntangibleAssetsAccumulatedAmortization
FI2018Q3_us-gaap_FiniteLivedIntangibleAssetsByMajorClassAxis_us-gaap_CustomerRelationshipsMember,0,FiniteLivedIntangibleAssetsAccumulatedAmortization
FI2018Q3_us-gaap_FiniteLivedIntangibleAssetsByMajorClassAxis_us-gaap_OtherIntangibleAssetsMember,32200000,FiniteLivedIntangibleAssetsAccumulatedAmortization
FI2018Q3_us-gaap_FiniteLivedIntangibleAssetsByMajorClassAxis_us-gaap_OtherIntangibleAssetsMember,1600000,FiniteLivedIntangibleAssetsAmortizationExpenseNextTwelveMonths
FI2018Q3_us-gaap_FiniteLivedIntangibleAssetsByMajorClassAxis_us-gaap_OtherIntangibleAssetsMember,3200000,FiniteLivedIntangibleAssetsAmortizationExpenseYearFive
FI2018Q3_us-gaap_FiniteLivedIntangibleAssetsByMajorClassAxis_us-gaap_OtherIntangibleAssetsMember,3700000,FiniteLivedIntangibleAssetsAmortizationExpenseYearFour
FI2018Q3_us-gaap_FiniteLivedIntangibleAssetsByMajorClassAxis_us-gaap_OtherIntangibleAssetsMember,4500000,FiniteLivedIntangibleAssetsAmortizationExpenseYearThree
FI2018Q3_us-gaap_FiniteLivedIntangibleAssetsByMajorClassAxis_us-gaap_OtherIntangibleAssetsMember,5500000,FiniteLivedIntangibleAssetsAmortizationExpenseYearTwo
FI2017Q4_us-gaap_FiniteLivedIntangibleAssetsByMajorClassAxis_gme_KeyMoneyMember,100400000,FiniteLivedIntangibleAssetsGross
FI2017Q4_us-gaap_FiniteLivedIntangibleAssetsByMajorClassAxis_us-gaap_CustomerRelationshipsMember,14500000,FiniteLivedIntangibleAssetsGross
FI2017Q4_us-gaap_FiniteLivedIntangibleAssetsByMajorClassAxis_us-gaap_OtherIntangibleAssetsMember,33500000,FiniteLivedIntangibleAssetsGross
FI2018Q3_gme_BrandNameAxis_gme_ThinkGeekMember_us-gaap_FairValueByFairValueHierarchyLevelAxis_us-gaap_FairValueInputsLevel3Member_us-gaap_FairValueByMeasurementFrequencyAxis_us-gaap_FairValueMeasurementsNonrecurringMember_us-gaap_FiniteLivedIntangibleAssetsByMajorClassAxis_us-gaap_CustomerRelationshipsMember,33500000,FiniteLivedIntangibleAssetsGross
FI2018Q3_us-gaap_FiniteLivedIntangibleAssetsByMajorClassAxis_gme_KeyMoneyMember,91500000,FiniteLivedIntangibleAssetsGross
FI2018Q3_us-gaap_FiniteLivedIntangibleAssetsByMajorClassAxis_us-gaap_CustomerRelationshipsMember,0,FiniteLivedIntangibleAssetsGross
FI2018Q3_us-gaap_FiniteLivedIntangibleAssetsByMajorClassAxis_us-gaap_OtherIntangibleAssetsMember,32500000,FiniteLivedIntangibleAssetsGross
FI2017Q4_us-gaap_FiniteLivedIntangibleAssetsByMajorClassAxis_gme_KeyMoneyMember,33400000,FiniteLivedIntangibleAssetsNet
FI2017Q4_us-gaap_FiniteLivedIntangibleAssetsByMajorClassAxis_us-gaap_CustomerRelationshipsMember,7700000,FiniteLivedIntangibleAssetsNet
FI2017Q4_us-gaap_FiniteLivedIntangibleAssetsByMajorClassAxis_us-gaap_OtherIntangibleAssetsMember,2100000,FiniteLivedIntangibleAssetsNet
FI2018Q3_us-gaap_FiniteLivedIntangibleAssetsByMajorClassAxis_gme_KeyMoneyMember,25900000,FiniteLivedIntangibleAssetsNet
FI2018Q3_us-gaap_FiniteLivedIntangibleAssetsByMajorClassAxis_us-gaap_CustomerRelationshipsMember,0,FiniteLivedIntangibleAssetsNet
FI2018Q3_us-gaap_FiniteLivedIntangibleAssetsByMajorClassAxis_us-gaap_OtherIntangibleAssetsMember,300000,FiniteLivedIntangibleAssetsNet
FI2017Q3,986700000,FixturesAndEquipmentGross
FI2017Q4,973500000,FixturesAndEquipmentGross
FI2018Q3,961300000,FixturesAndEquipmentGross
FI2017Q3_us-gaap_BalanceSheetLocationAxis_us-gaap_OtherCurrentAssetsMember_us-gaap_FairValueByFairValueHierarchyLevelAxis_us-gaap_FairValueInputsLevel2Member_us-gaap_FairValueByMeasurementFrequencyAxis_us-gaap_FairValueMeasurementsRecurringMember,1900000,ForeignCurrencyContractAssetFairValueDisclosure
FI2017Q3_us-gaap_BalanceSheetLocationAxis_us-gaap_OtherNoncurrentAssetsMember_us-gaap_FairValueByFairValueHierarchyLevelAxis_us-gaap_FairValueInputsLevel2Member_us-gaap_FairValueByMeasurementFrequencyAxis_us-gaap_FairValueMeasurementsRecurringMember,400000,ForeignCurrencyContractAssetFairValueDisclosure
FI2017Q4_us-gaap_BalanceSheetLocationAxis_us-gaap_OtherCurrentAssetsMember_us-gaap_FairValueByFairValueHierarchyLevelAxis_us-gaap_FairValueInputsLevel2Member_us-gaap_FairValueByMeasurementFrequencyAxis_us-gaap_FairValueMeasurementsRecurringMember,2400000,ForeignCurrencyContractAssetFairValueDisclosure
FI2017Q4_us-gaap_BalanceSheetLocationAxis_us-gaap_OtherNoncurrentAssetsMember_us-gaap_FairValueByFairValueHierarchyLevelAxis_us-gaap_FairValueInputsLevel2Member_us-gaap_FairValueByMeasurementFrequencyAxis_us-gaap_FairValueMeasurementsRecurringMember,0,ForeignCurrencyContractAssetFairValueDisclosure
FI2018Q3_us-gaap_BalanceSheetLocationAxis_us-gaap_OtherCurrentAssetsMember_us-gaap_FairValueByFairValueHierarchyLevelAxis_us-gaap_FairValueInputsLevel2Member_us-gaap_FairValueByMeasurementFrequencyAxis_us-gaap_FairValueMeasurementsRecurringMember,4600000,ForeignCurrencyContractAssetFairValueDisclosure
FI2018Q3_us-gaap_BalanceSheetLocationAxis_us-gaap_OtherNoncurrentAssetsMember_us-gaap_FairValueByFairValueHierarchyLevelAxis_us-gaap_FairValueInputsLevel2Member_us-gaap_FairValueByMeasurementFrequencyAxis_us-gaap_FairValueMeasurementsRecurringMember,0,ForeignCurrencyContractAssetFairValueDisclosure
FI2017Q3_us-gaap_BalanceSheetLocationAxis_us-gaap_AccruedLiabilitiesMember_us-gaap_FairValueByFairValueHierarchyLevelAxis_us-gaap_FairValueInputsLevel2Member_us-gaap_FairValueByMeasurementFrequencyAxis_us-gaap_FairValueMeasurementsRecurringMember,3600000,ForeignCurrencyContractsLiabilityFairValueDisclosure
FI2017Q3_us-gaap_BalanceSheetLocationAxis_us-gaap_OtherNoncurrentLiabilitiesMember_us-gaap_FairValueByFairValueHierarchyLevelAxis_us-gaap_FairValueInputsLevel2Member_us-gaap_FairValueByMeasurementFrequencyAxis_us-gaap_FairValueMeasurementsRecurringMember,500000,ForeignCurrencyContractsLiabilityFairValueDisclosure
FI2017Q4_us-gaap_BalanceSheetLocationAxis_us-gaap_AccruedLiabilitiesMember_us-gaap_FairValueByFairValueHierarchyLevelAxis_us-gaap_FairValueInputsLevel2Member_us-gaap_FairValueByMeasurementFrequencyAxis_us-gaap_FairValueMeasurementsRecurringMember,9900000,ForeignCurrencyContractsLiabilityFairValueDisclosure
FI2017Q4_us-gaap_BalanceSheetLocationAxis_us-gaap_OtherNoncurrentLiabilitiesMember_us-gaap_FairValueByFairValueHierarchyLevelAxis_us-gaap_FairValueInputsLevel2Member_us-gaap_FairValueByMeasurementFrequencyAxis_us-gaap_FairValueMeasurementsRecurringMember,0,ForeignCurrencyContractsLiabilityFairValueDisclosure
FI2018Q3_us-gaap_BalanceSheetLocationAxis_us-gaap_AccruedLiabilitiesMember_us-gaap_FairValueByFairValueHierarchyLevelAxis_us-gaap_FairValueInputsLevel2Member_us-gaap_FairValueByMeasurementFrequencyAxis_us-gaap_FairValueMeasurementsRecurringMember,500000,ForeignCurrencyContractsLiabilityFairValueDisclosure
FI2018Q3_us-gaap_BalanceSheetLocationAxis_us-gaap_OtherNoncurrentLiabilitiesMember_us-gaap_FairValueByFairValueHierarchyLevelAxis_us-gaap_FairValueInputsLevel2Member_us-gaap_FairValueByMeasurementFrequencyAxis_us-gaap_FairValueMeasurementsRecurringMember,0,ForeignCurrencyContractsLiabilityFairValueDisclosure
FD2017Q3QTD_us-gaap_IncomeStatementLocationAxis_us-gaap_SellingGeneralAndAdministrativeExpensesMember,3300000,ForeignCurrencyTransactionGainLossBeforeTax
FD2017Q3YTD_us-gaap_IncomeStatementLocationAxis_us-gaap_SellingGeneralAndAdministrativeExpensesMember,15800000,ForeignCurrencyTransactionGainLossBeforeTax
FD2018Q3QTD_us-gaap_IncomeStatementLocationAxis_us-gaap_SellingGeneralAndAdministrativeExpensesMember,-200000,ForeignCurrencyTransactionGainLossBeforeTax
FD2018Q3YTD_us-gaap_IncomeStatementLocationAxis_us-gaap_SellingGeneralAndAdministrativeExpensesMember,-7700000,ForeignCurrencyTransactionGainLossBeforeTax
FD2017Q3YTD,7300000,GainLossOnSaleOfBusiness
FD2018Q3YTD,0,GainLossOnSaleOfBusiness
FD2017Q3YTD,-3700000,GainLossOnSaleOfPropertyPlantEquipment
FD2018Q3YTD,-1400000,GainLossOnSaleOfPropertyPlantEquipment
FI2017Q3,1693200000,Goodwill
FI2017Q4,1667300000,Goodwill
FI2017Q4_us-gaap_StatementBusinessSegmentsAxis_gme_TechnologyBrandsMember,316800000,Goodwill
FI2017Q4_us-gaap_StatementBusinessSegmentsAxis_gme_VideoGameBrandsAustraliaMember,73600000,Goodwill
FI2017Q4_us-gaap_StatementBusinessSegmentsAxis_gme_VideoGameBrandsCanadaMember,30300000,Goodwill
FI2017Q4_us-gaap_StatementBusinessSegmentsAxis_gme_VideoGameBrandsEuropeMember,87100000,Goodwill
FI2017Q4_us-gaap_StatementBusinessSegmentsAxis_gme_VideoGameBrandsUnitedStatesMember,1159500000,Goodwill
FI2018Q3,1093900000,Goodwill
FI2018Q3_us-gaap_StatementBusinessSegmentsAxis_gme_TechnologyBrandsMember,316800000,Goodwill
FI2018Q3_us-gaap_StatementBusinessSegmentsAxis_gme_VideoGameBrandsAustraliaMember,34600000,Goodwill
FI2018Q3_us-gaap_StatementBusinessSegmentsAxis_gme_VideoGameBrandsCanadaMember,19200000,Goodwill
FI2018Q3_us-gaap_StatementBusinessSegmentsAxis_gme_VideoGameBrandsEuropeMember,41300000,Goodwill
FI2018Q3_us-gaap_StatementBusinessSegmentsAxis_gme_VideoGameBrandsUnitedStatesMember,682000000,Goodwill
FD2018Q3YTD,-16100000,GoodwillForeignCurrencyTranslationGainLoss
FD2018Q3YTD_us-gaap_StatementBusinessSegmentsAxis_gme_TechnologyBrandsMember,0,GoodwillForeignCurrencyTranslationGainLoss
FD2018Q3YTD_us-gaap_StatementBusinessSegmentsAxis_gme_VideoGameBrandsAustraliaMember,-7500000,GoodwillForeignCurrencyTranslationGainLoss
FD2018Q3YTD_us-gaap_StatementBusinessSegmentsAxis_gme_VideoGameBrandsCanadaMember,-1400000,GoodwillForeignCurrencyTranslationGainLoss
FD2018Q3YTD_us-gaap_StatementBusinessSegmentsAxis_gme_VideoGameBrandsEuropeMember,-7200000,GoodwillForeignCurrencyTranslationGainLoss
FD2018Q3YTD_us-gaap_StatementBusinessSegmentsAxis_gme_VideoGameBrandsUnitedStatesMember,0,GoodwillForeignCurrencyTranslationGainLoss
FI2018Q3,1230600000,GoodwillImpairedAccumulatedImpairmentLoss
FI2018Q3_us-gaap_StatementBusinessSegmentsAxis_gme_TechnologyBrandsMember,32800000,GoodwillImpairedAccumulatedImpairmentLoss
FI2018Q3_us-gaap_StatementBusinessSegmentsAxis_gme_VideoGameBrandsAustraliaMember,138600000,GoodwillImpairedAccumulatedImpairmentLoss
FI2018Q3_us-gaap_StatementBusinessSegmentsAxis_gme_VideoGameBrandsCanadaMember,110000000,GoodwillImpairedAccumulatedImpairmentLoss
FI2018Q3_us-gaap_StatementBusinessSegmentsAxis_gme_VideoGameBrandsEuropeMember,458200000,GoodwillImpairedAccumulatedImpairmentLoss
FI2018Q3_us-gaap_StatementBusinessSegmentsAxis_gme_VideoGameBrandsUnitedStatesMember,491000000,GoodwillImpairedAccumulatedImpairmentLoss
FD2017Q3QTD,0,GoodwillImpairmentLoss
FD2017Q3YTD,0,GoodwillImpairmentLoss
FD2018Q3QTD,557300000,GoodwillImpairmentLoss
FD2018Q3YTD,557300000,GoodwillImpairmentLoss
FD2018Q3YTD_us-gaap_StatementBusinessSegmentsAxis_gme_TechnologyBrandsMember,0,GoodwillImpairmentLoss
FD2018Q3YTD_us-gaap_StatementBusinessSegmentsAxis_gme_VideoGameBrandsAustraliaMember,31500000,GoodwillImpairmentLoss
FD2018Q3YTD_us-gaap_StatementBusinessSegmentsAxis_gme_VideoGameBrandsCanadaMember,9700000,GoodwillImpairmentLoss
FD2018Q3YTD_us-gaap_StatementBusinessSegmentsAxis_gme_VideoGameBrandsEuropeMember,38600000,GoodwillImpairmentLoss
FD2018Q3YTD_us-gaap_StatementBusinessSegmentsAxis_gme_VideoGameBrandsUnitedStatesMember,477500000,GoodwillImpairmentLoss
FD2017Q3QTD,689400000,GrossProfit
FD2017Q3YTD,2015600000,GrossProfit
FD2018Q3QTD,690800000,GrossProfit
FD2018Q3QTD_us-gaap_InitialApplicationPeriodCumulativeEffectTransitionAxis_us-gaap_CalculatedUnderRevenueGuidanceInEffectBeforeTopic606Member,688900000,GrossProfit
FD2018Q3QTD_us-gaap_InitialApplicationPeriodCumulativeEffectTransitionAxis_us-gaap_DifferenceBetweenRevenueGuidanceInEffectBeforeAndAfterTopic606Member,1900000,GrossProfit
FD2018Q3YTD,1944200000,GrossProfit
FD2018Q3YTD_us-gaap_InitialApplicationPeriodCumulativeEffectTransitionAxis_us-gaap_CalculatedUnderRevenueGuidanceInEffectBeforeTopic606Member,1940500000,GrossProfit
FD2018Q3YTD_us-gaap_InitialApplicationPeriodCumulativeEffectTransitionAxis_us-gaap_DifferenceBetweenRevenueGuidanceInEffectBeforeAndAfterTopic606Member,3700000,GrossProfit
FI2018Q3_us-gaap_StatementGeographicalAxis_country_LU,8900000,GuaranteeObligationsCurrentCarryingValue
FD2018Q3YTD_gme_BrandNameAxis_gme_ThinkGeekMember_us-gaap_FiniteLivedIntangibleAssetsByMajorClassAxis_us-gaap_CustomerRelationshipsMember_us-gaap_StatementBusinessSegmentsAxis_gme_VideoGameBrandsUnitedStatesMember,5900000,ImpairmentOfIntangibleAssetsFinitelived
FD2018Q3YTD,30200000,ImpairmentOfIntangibleAssetsIndefinitelivedExcludingGoodwill
FD2018Q3YTD_gme_BrandNameAxis_gme_MicromaniaMember_us-gaap_IndefiniteLivedIntangibleAssetsByMajorClassAxis_us-gaap_TradeNamesMember_us-gaap_StatementBusinessSegmentsAxis_gme_VideoGameBrandsEuropeMember,19000000,ImpairmentOfIntangibleAssetsIndefinitelivedExcludingGoodwill
FD2018Q3YTD_gme_BrandNameAxis_gme_ThinkGeekMember_us-gaap_IndefiniteLivedIntangibleAssetsByMajorClassAxis_us-gaap_TradeNamesMember_us-gaap_StatementBusinessSegmentsAxis_gme_VideoGameBrandsUnitedStatesMember,5300000,ImpairmentOfIntangibleAssetsIndefinitelivedExcludingGoodwill
FD2017Q3QTD,73700000,IncomeLossFromContinuingOperationsBeforeIncomeTaxesMinorityInterestAndIncomeLossFromEquityMethodInvestments
FD2017Q3YTD,190100000,IncomeLossFromContinuingOperationsBeforeIncomeTaxesMinorityInterestAndIncomeLossFromEquityMethodInvestments
FD2018Q3QTD,-506500000,IncomeLossFromContinuingOperationsBeforeIncomeTaxesMinorityInterestAndIncomeLossFromEquityMethodInvestments
FD2018Q3QTD_us-gaap_InitialApplicationPeriodCumulativeEffectTransitionAxis_us-gaap_CalculatedUnderRevenueGuidanceInEffectBeforeTopic606Member,-508400000,IncomeLossFromContinuingOperationsBeforeIncomeTaxesMinorityInterestAndIncomeLossFromEquityMethodInvestments
FD2018Q3QTD_us-gaap_InitialApplicationPeriodCumulativeEffectTransitionAxis_us-gaap_DifferenceBetweenRevenueGuidanceInEffectBeforeAndAfterTopic606Member,1900000,IncomeLossFromContinuingOperationsBeforeIncomeTaxesMinorityInterestAndIncomeLossFromEquityMethodInvestments
FD2018Q3YTD,-455400000,IncomeLossFromContinuingOperationsBeforeIncomeTaxesMinorityInterestAndIncomeLossFromEquityMethodInvestments
FD2018Q3YTD_us-gaap_InitialApplicationPeriodCumulativeEffectTransitionAxis_us-gaap_CalculatedUnderRevenueGuidanceInEffectBeforeTopic606Member,-459100000,IncomeLossFromContinuingOperationsBeforeIncomeTaxesMinorityInterestAndIncomeLossFromEquityMethodInvestments
FD2018Q3YTD_us-gaap_InitialApplicationPeriodCumulativeEffectTransitionAxis_us-gaap_DifferenceBetweenRevenueGuidanceInEffectBeforeAndAfterTopic606Member,3700000,IncomeLossFromContinuingOperationsBeforeIncomeTaxesMinorityInterestAndIncomeLossFromEquityMethodInvestments
FD2017Q3QTD,14300000,IncomeTaxExpenseBenefit
FD2017Q3YTD,49500000,IncomeTaxExpenseBenefit
FD2018Q3QTD,-17900000,IncomeTaxExpenseBenefit
FD2018Q3QTD_us-gaap_InitialApplicationPeriodCumulativeEffectTransitionAxis_us-gaap_CalculatedUnderRevenueGuidanceInEffectBeforeTopic606Member,-18400000,IncomeTaxExpenseBenefit
FD2018Q3QTD_us-gaap_InitialApplicationPeriodCumulativeEffectTransitionAxis_us-gaap_DifferenceBetweenRevenueGuidanceInEffectBeforeAndAfterTopic606Member,500000,IncomeTaxExpenseBenefit
FD2018Q3YTD,29900000,IncomeTaxExpenseBenefit
FD2018Q3YTD_us-gaap_InitialApplicationPeriodCumulativeEffectTransitionAxis_us-gaap_CalculatedUnderRevenueGuidanceInEffectBeforeTopic606Member,29000000,IncomeTaxExpenseBenefit
FD2018Q3YTD_us-gaap_InitialApplicationPeriodCumulativeEffectTransitionAxis_us-gaap_DifferenceBetweenRevenueGuidanceInEffectBeforeAndAfterTopic606Member,900000,IncomeTaxExpenseBenefit
FD2017Q3YTD,505600000,IncreaseDecreaseInAccountsPayableAndAccruedLiabilities
FD2018Q3YTD,365200000,IncreaseDecreaseInAccountsPayableAndAccruedLiabilities
FD2017Q3YTD,715400000,IncreaseDecreaseInInventories
FD2018Q3YTD,747700000,IncreaseDecreaseInInventories
FD2017Q3YTD,6300000,IncreaseDecreaseInOtherNoncurrentLiabilities
FD2018Q3YTD,-600000,IncreaseDecreaseInOtherNoncurrentLiabilities
FD2017Q3YTD,13500000,IncreaseDecreaseInPrepaidDeferredExpenseAndOtherAssets
FD2018Q3YTD,20100000,IncreaseDecreaseInPrepaidDeferredExpenseAndOtherAssets
FD2017Q3YTD,-20400000,IncreaseDecreaseInReceivables
FD2018Q3YTD,-20500000,IncreaseDecreaseInReceivables
FI2017Q4_us-gaap_IndefiniteLivedIntangibleAssetsByMajorClassAxis_gme_DealerAgreementsMember,77000000,IndefiniteLivedIntangibleAssetsExcludingGoodwill
FI2017Q4_us-gaap_IndefiniteLivedIntangibleAssetsByMajorClassAxis_us-gaap_TradeNamesMember,49300000,IndefiniteLivedIntangibleAssetsExcludingGoodwill
FI2018Q3_us-gaap_IndefiniteLivedIntangibleAssetsByMajorClassAxis_gme_DealerAgreementsMember,77000000,IndefiniteLivedIntangibleAssetsExcludingGoodwill
FI2018Q3_us-gaap_IndefiniteLivedIntangibleAssetsByMajorClassAxis_us-gaap_TradeNamesMember,21600000,IndefiniteLivedIntangibleAssetsExcludingGoodwill
FI2018Q3_gme_BrandNameAxis_gme_MicromaniaMember_us-gaap_FairValueByFairValueHierarchyLevelAxis_us-gaap_FairValueInputsLevel3Member_us-gaap_FairValueByMeasurementFrequencyAxis_us-gaap_FairValueMeasurementsNonrecurringMember_us-gaap_IndefiniteLivedIntangibleAssetsByMajorClassAxis_us-gaap_TradeNamesMember,19000000,IndefiniteLivedIntangibleAssetsExcludingGoodwillFairValueDisclosure
FI2018Q3_gme_BrandNameAxis_gme_ThinkGeekMember_us-gaap_FairValueByFairValueHierarchyLevelAxis_us-gaap_FairValueInputsLevel3Member_us-gaap_FairValueByMeasurementFrequencyAxis_us-gaap_FairValueMeasurementsNonrecurringMember_us-gaap_IndefiniteLivedIntangibleAssetsByMajorClassAxis_us-gaap_TradeNamesMember,2800000,IndefiniteLivedIntangibleAssetsExcludingGoodwillFairValueDisclosure
FI2017Q3,508000000,IntangibleAssetsNetExcludingGoodwill
FI2017Q4,169500000,IntangibleAssetsNetExcludingGoodwill
FI2018Q3,124800000,IntangibleAssetsNetExcludingGoodwill
FD2017Q3QTD,14100000,InterestExpense
FD2017Q3YTD,42600000,InterestExpense
FD2018Q3QTD,14100000,InterestExpense
FD2018Q3YTD,42700000,InterestExpense
FI2017Q3,1822500000,InventoryNet
FI2017Q4,1366700000,InventoryNet
FI2018Q3,2027400000,InventoryNet
FI2018Q3_us-gaap_InitialApplicationPeriodCumulativeEffectTransitionAxis_us-gaap_CalculatedUnderRevenueGuidanceInEffectBeforeTopic606Member,2022000000,InventoryNet
FI2018Q3_us-gaap_InitialApplicationPeriodCumulativeEffectTransitionAxis_us-gaap_DifferenceBetweenRevenueGuidanceInEffectBeforeAndAfterTopic606Member,5400000,InventoryNet
FD2017Q3QTD,200000,InvestmentIncomeInterest
FD2017Q3YTD,400000,InvestmentIncomeInterest
FD2018Q3QTD,1100000,InvestmentIncomeInterest
FD2018Q3YTD,2100000,InvestmentIncomeInterest
FI2017Q3,19200000,Land
FI2017Q4,19900000,Land
FI2018Q3,18600000,Land
FI2018Q3,7200000,LettersOfCreditOutstandingAmount
FI2017Q3,3160300000,Liabilities
FI2017Q4,2827100000,Liabilities
FI2018Q3,3091600000,Liabilities
FI2018Q3_us-gaap_InitialApplicationPeriodCumulativeEffectTransitionAxis_us-gaap_CalculatedUnderRevenueGuidanceInEffectBeforeTopic606Member,3105000000,Liabilities
FI2018Q3_us-gaap_InitialApplicationPeriodCumulativeEffectTransitionAxis_us-gaap_DifferenceBetweenRevenueGuidanceInEffectBeforeAndAfterTopic606Member,13400000,Liabilities
FI2017Q3,5474000000,LiabilitiesAndStockholdersEquity
FI2017Q4,5041600000,LiabilitiesAndStockholdersEquity
FI2018Q3,4656700000,LiabilitiesAndStockholdersEquity
FI2018Q3_us-gaap_InitialApplicationPeriodCumulativeEffectTransitionAxis_us-gaap_CalculatedUnderRevenueGuidanceInEffectBeforeTopic606Member,4655900000,LiabilitiesAndStockholdersEquity
FI2018Q3_us-gaap_InitialApplicationPeriodCumulativeEffectTransitionAxis_us-gaap_DifferenceBetweenRevenueGuidanceInEffectBeforeAndAfterTopic606Member,800000,LiabilitiesAndStockholdersEquity
FI2017Q3,2217500000,LiabilitiesCurrent
FI2017Q4,1915600000,LiabilitiesCurrent
FI2018Q3,2541800000,LiabilitiesCurrent
FI2018Q3_us-gaap_InitialApplicationPeriodCumulativeEffectTransitionAxis_us-gaap_CalculatedUnderRevenueGuidanceInEffectBeforeTopic606Member,2555200000,LiabilitiesCurrent
FI2018Q3_us-gaap_InitialApplicationPeriodCumulativeEffectTransitionAxis_us-gaap_DifferenceBetweenRevenueGuidanceInEffectBeforeAndAfterTopic606Member,13400000,LiabilitiesCurrent
FI2017Q3_us-gaap_FairValueByFairValueHierarchyLevelAxis_us-gaap_FairValueInputsLevel2Member_us-gaap_FairValueByMeasurementFrequencyAxis_us-gaap_FairValueMeasurementsRecurringMember,5200000,LiabilitiesFairValueDisclosure
FI2017Q4_us-gaap_FairValueByFairValueHierarchyLevelAxis_us-gaap_FairValueInputsLevel2Member_us-gaap_FairValueByMeasurementFrequencyAxis_us-gaap_FairValueMeasurementsRecurringMember,11100000,LiabilitiesFairValueDisclosure
FI2017Q4_us-gaap_FairValueByFairValueHierarchyLevelAxis_us-gaap_FairValueInputsLevel3Member_us-gaap_FairValueByMeasurementFrequencyAxis_us-gaap_FairValueMeasurementsRecurringMember,12200000,LiabilitiesFairValueDisclosure
FI2018Q3_us-gaap_FairValueByFairValueHierarchyLevelAxis_us-gaap_FairValueInputsLevel2Member_us-gaap_FairValueByMeasurementFrequencyAxis_us-gaap_FairValueMeasurementsRecurringMember,1600000,LiabilitiesFairValueDisclosure
FI2018Q3_us-gaap_FairValueByFairValueHierarchyLevelAxis_us-gaap_FairValueInputsLevel3Member_us-gaap_FairValueByMeasurementFrequencyAxis_us-gaap_FairValueMeasurementsRecurringMember,0,LiabilitiesFairValueDisclosure
FI2017Q3,942800000,LiabilitiesNoncurrent
FI2017Q4,911500000,LiabilitiesNoncurrent
FI2018Q3,549800000,LiabilitiesNoncurrent
FI2017Q3_us-gaap_FairValueByFairValueHierarchyLevelAxis_us-gaap_FairValueInputsLevel2Member_us-gaap_FairValueByMeasurementFrequencyAxis_us-gaap_FairValueMeasurementsRecurringMember,13000000,LifeInsuranceCorporateOrBankOwnedAmount
FI2017Q4_us-gaap_FairValueByFairValueHierarchyLevelAxis_us-gaap_FairValueInputsLevel2Member_us-gaap_FairValueByMeasurementFrequencyAxis_us-gaap_FairValueMeasurementsRecurringMember,13900000,LifeInsuranceCorporateOrBankOwnedAmount
FI2018Q3_us-gaap_FairValueByFairValueHierarchyLevelAxis_us-gaap_FairValueInputsLevel2Member_us-gaap_FairValueByMeasurementFrequencyAxis_us-gaap_FairValueMeasurementsRecurringMember,14400000,LifeInsuranceCorporateOrBankOwnedAmount
FI2018Q3,0,LineOfCredit
I2007Q3Sep30_us-gaap_StatementGeographicalAxis_country_LU,20000000,LineOfCreditFacilityCurrentBorrowingCapacity
I2017Q3AmendedRevolver_us-gaap_LineOfCreditFacilityAxis_gme_AmendedFiveYearRevolvingCreditFacilityMember,420000000,LineOfCreditFacilityCurrentBorrowingCapacity
I2017Q3AmendedRevolver_us-gaap_DebtSecurityAxis_us-gaap_LetterOfCreditMember_us-gaap_LineOfCreditFacilityAxis_gme_AmendedFiveYearRevolvingCreditFacilityMember,50000000,LineOfCreditFacilityMaximumBorrowingCapacity
FI2018Q3,412800000,LineOfCreditFacilityRemainingBorrowingCapacity
FI2017Q3,817200000,LongTermDebt
FI2017Q4,817900000,LongTermDebt
FI2018Q3,820000000,LongTermDebt
FI2018Q3_us-gaap_DebtInstrumentAxis_gme_SeniorNotes5.5due2019Member_us-gaap_LongtermDebtTypeAxis_us-gaap_UnsecuredDebtMember,348800000,LongTermDebt
FI2018Q3_us-gaap_DebtInstrumentAxis_gme_SeniorNotes6.75due2021Member_us-gaap_LongtermDebtTypeAxis_us-gaap_UnsecuredDebtMember,471200000,LongTermDebt
FI2017Q3,0,LongTermDebtCurrent
FI2017Q4,0,LongTermDebtCurrent
FI2018Q3,348800000,LongTermDebtCurrent
FI2018Q3_us-gaap_DebtInstrumentAxis_gme_SeniorNotes5.5due2019Member_us-gaap_LongtermDebtTypeAxis_us-gaap_UnsecuredDebtMember,350600000,LongTermDebtFairValue
FI2018Q3_us-gaap_DebtInstrumentAxis_gme_SeniorNotes6.75due2021Member_us-gaap_LongtermDebtTypeAxis_us-gaap_UnsecuredDebtMember,485500000,LongTermDebtFairValue
FI2017Q3,817200000,LongTermDebtNoncurrent
FI2017Q4,817900000,LongTermDebtNoncurrent
FI2018Q3,471200000,LongTermDebtNoncurrent
FD2018Q3YTD,80000000,LossContingencyDamagesSoughtValue
FD2018Q3YTD,29600000,LossContingencyLossInPeriod
FD2017Q3YTD,-163900000,NetCashProvidedByUsedInFinancingActivities
FD2018Q3YTD,-136000000,NetCashProvidedByUsedInFinancingActivities
FD2017Q3YTD,-38000000,NetCashProvidedByUsedInInvestingActivities
FD2018Q3YTD,-66200000,NetCashProvidedByUsedInInvestingActivities
FD2017Q3YTD,-17100000,NetCashProvidedByUsedInOperatingActivities
FD2018Q3YTD,-179200000,NetCashProvidedByUsedInOperatingActivities
FD2017Q3QTD,59400000,NetIncomeLoss
FD2017Q3YTD,140600000,NetIncomeLoss
FD2018Q3QTD,-488600000,NetIncomeLoss
FD2018Q3QTD_us-gaap_InitialApplicationPeriodCumulativeEffectTransitionAxis_us-gaap_CalculatedUnderRevenueGuidanceInEffectBeforeTopic606Member,-490000000,NetIncomeLoss
FD2018Q3QTD_us-gaap_InitialApplicationPeriodCumulativeEffectTransitionAxis_us-gaap_DifferenceBetweenRevenueGuidanceInEffectBeforeAndAfterTopic606Member,1400000,NetIncomeLoss
FD2018Q3YTD,-485300000,NetIncomeLoss
FD2018Q3YTD_us-gaap_InitialApplicationPeriodCumulativeEffectTransitionAxis_us-gaap_CalculatedUnderRevenueGuidanceInEffectBeforeTopic606Member,-488100000,NetIncomeLoss
FD2018Q3YTD_us-gaap_InitialApplicationPeriodCumulativeEffectTransitionAxis_us-gaap_DifferenceBetweenRevenueGuidanceInEffectBeforeAndAfterTopic606Member,2800000,NetIncomeLoss
FD2018Q3YTD,2800000,NumberOfReportableSegments
FD2018Q3YTD_us-gaap_StatementBusinessSegmentsAxis_gme_VideoGameBrandsUnitedStatesMember,2800000,NumberOfReportableSegments
FD2017Q3QTD,87600000,OperatingIncomeLoss
FD2017Q3QTD_us-gaap_StatementBusinessSegmentsAxis_gme_TechnologyBrandsMember,18000000,OperatingIncomeLoss
FD2017Q3QTD_us-gaap_StatementBusinessSegmentsAxis_gme_VideoGameBrandsAustraliaMember_us-gaap_StatementGeographicalAxis_gme_AustraliaAndNewZealandMember,5300000,OperatingIncomeLoss
FD2017Q3QTD_us-gaap_StatementBusinessSegmentsAxis_gme_VideoGameBrandsCanadaMember_us-gaap_StatementGeographicalAxis_country_CA,3200000,OperatingIncomeLoss
FD2017Q3QTD_us-gaap_StatementBusinessSegmentsAxis_gme_VideoGameBrandsEuropeMember_us-gaap_StatementGeographicalAxis_us-gaap_EuropeMember,8900000,OperatingIncomeLoss
FD2017Q3QTD_us-gaap_StatementBusinessSegmentsAxis_gme_VideoGameBrandsUnitedStatesMember_us-gaap_StatementGeographicalAxis_country_US,52200000,OperatingIncomeLoss
FD2017Q3YTD,232300000,OperatingIncomeLoss
FD2017Q3YTD_us-gaap_StatementBusinessSegmentsAxis_gme_TechnologyBrandsMember,44100000,OperatingIncomeLoss
FD2017Q3YTD_us-gaap_StatementBusinessSegmentsAxis_gme_VideoGameBrandsAustraliaMember_us-gaap_StatementGeographicalAxis_gme_AustraliaAndNewZealandMember,10200000,OperatingIncomeLoss
FD2017Q3YTD_us-gaap_StatementBusinessSegmentsAxis_gme_VideoGameBrandsCanadaMember_us-gaap_StatementGeographicalAxis_country_CA,5100000,OperatingIncomeLoss
FD2017Q3YTD_us-gaap_StatementBusinessSegmentsAxis_gme_VideoGameBrandsEuropeMember_us-gaap_StatementGeographicalAxis_us-gaap_EuropeMember,-2400000,OperatingIncomeLoss
FD2017Q3YTD_us-gaap_StatementBusinessSegmentsAxis_gme_VideoGameBrandsUnitedStatesMember_us-gaap_StatementGeographicalAxis_country_US,175300000,OperatingIncomeLoss
FD2018Q3QTD,-493500000,OperatingIncomeLoss
FD2018Q3QTD_us-gaap_InitialApplicationPeriodCumulativeEffectTransitionAxis_us-gaap_CalculatedUnderRevenueGuidanceInEffectBeforeTopic606Member,-495400000,OperatingIncomeLoss
FD2018Q3QTD_us-gaap_InitialApplicationPeriodCumulativeEffectTransitionAxis_us-gaap_DifferenceBetweenRevenueGuidanceInEffectBeforeAndAfterTopic606Member,1900000,OperatingIncomeLoss
FD2018Q3QTD_us-gaap_StatementBusinessSegmentsAxis_gme_TechnologyBrandsMember,23300000,OperatingIncomeLoss
FD2018Q3QTD_us-gaap_StatementBusinessSegmentsAxis_gme_VideoGameBrandsAustraliaMember_us-gaap_StatementGeographicalAxis_gme_AustraliaAndNewZealandMember,-30400000,OperatingIncomeLoss
FD2018Q3QTD_us-gaap_StatementBusinessSegmentsAxis_gme_VideoGameBrandsCanadaMember_us-gaap_StatementGeographicalAxis_country_CA,-7100000,OperatingIncomeLoss
FD2018Q3QTD_us-gaap_StatementBusinessSegmentsAxis_gme_VideoGameBrandsEuropeMember_us-gaap_StatementGeographicalAxis_us-gaap_EuropeMember,-53200000,OperatingIncomeLoss
FD2018Q3QTD_us-gaap_StatementBusinessSegmentsAxis_gme_VideoGameBrandsUnitedStatesMember_us-gaap_StatementGeographicalAxis_country_US,-426100000,OperatingIncomeLoss
FD2018Q3YTD,-414800000,OperatingIncomeLoss
FD2018Q3YTD_us-gaap_InitialApplicationPeriodCumulativeEffectTransitionAxis_us-gaap_CalculatedUnderRevenueGuidanceInEffectBeforeTopic606Member,-418500000,OperatingIncomeLoss
FD2018Q3YTD_us-gaap_InitialApplicationPeriodCumulativeEffectTransitionAxis_us-gaap_DifferenceBetweenRevenueGuidanceInEffectBeforeAndAfterTopic606Member,3700000,OperatingIncomeLoss
FD2018Q3YTD_us-gaap_StatementBusinessSegmentsAxis_gme_TechnologyBrandsMember,53400000,OperatingIncomeLoss
FD2018Q3YTD_us-gaap_StatementBusinessSegmentsAxis_gme_VideoGameBrandsAustraliaMember_us-gaap_StatementGeographicalAxis_gme_AustraliaAndNewZealandMember,-37500000,OperatingIncomeLoss
FD2018Q3YTD_us-gaap_StatementBusinessSegmentsAxis_gme_VideoGameBrandsCanadaMember_us-gaap_StatementGeographicalAxis_country_CA,-10700000,OperatingIncomeLoss
FD2018Q3YTD_us-gaap_StatementBusinessSegmentsAxis_gme_VideoGameBrandsEuropeMember_us-gaap_StatementGeographicalAxis_us-gaap_EuropeMember,-85300000,OperatingIncomeLoss
FD2018Q3YTD_us-gaap_StatementBusinessSegmentsAxis_gme_VideoGameBrandsUnitedStatesMember_us-gaap_StatementGeographicalAxis_country_US,-334700000,OperatingIncomeLoss
FD2017Q3QTD,0,OtherAssetImpairmentCharges
FD2017Q3YTD,0,OtherAssetImpairmentCharges
FD2018Q3QTD,30200000,OtherAssetImpairmentCharges
FD2018Q3YTD,30200000,OtherAssetImpairmentCharges
FI2017Q3,70700000,OtherAssetsNoncurrent
FI2017Q4,74700000,OtherAssetsNoncurrent
FI2018Q3,58400000,OtherAssetsNoncurrent
FD2017Q1QTD,-8200000,OtherComprehensiveIncomeLossForeignCurrencyTransactionAndTranslationAdjustmentNetOfTax
FD2017Q1QTD_us-gaap_StatementEquityComponentsAxis_us-gaap_AccumulatedOtherComprehensiveIncomeMember,-8200000,OtherComprehensiveIncomeLossForeignCurrencyTransactionAndTranslationAdjustmentNetOfTax
FD2017Q2QTD,54400000,OtherComprehensiveIncomeLossForeignCurrencyTransactionAndTranslationAdjustmentNetOfTax
FD2017Q2QTD_us-gaap_StatementEquityComponentsAxis_us-gaap_AccumulatedOtherComprehensiveIncomeMember,54400000,OtherComprehensiveIncomeLossForeignCurrencyTransactionAndTranslationAdjustmentNetOfTax
FD2017Q3QTD,-23200000,OtherComprehensiveIncomeLossForeignCurrencyTransactionAndTranslationAdjustmentNetOfTax
FD2017Q3QTD_us-gaap_StatementEquityComponentsAxis_us-gaap_AccumulatedOtherComprehensiveIncomeMember,-23200000,OtherComprehensiveIncomeLossForeignCurrencyTransactionAndTranslationAdjustmentNetOfTax
FD2017Q3YTD,23000000,OtherComprehensiveIncomeLossForeignCurrencyTransactionAndTranslationAdjustmentNetOfTax
FD2018Q1QTD,-35200000,OtherComprehensiveIncomeLossForeignCurrencyTransactionAndTranslationAdjustmentNetOfTax
FD2018Q1QTD_us-gaap_StatementEquityComponentsAxis_us-gaap_AccumulatedOtherComprehensiveIncomeMember,-35200000,OtherComprehensiveIncomeLossForeignCurrencyTransactionAndTranslationAdjustmentNetOfTax
FD2018Q2QTD,-17400000,OtherComprehensiveIncomeLossForeignCurrencyTransactionAndTranslationAdjustmentNetOfTax
FD2018Q2QTD_us-gaap_StatementEquityComponentsAxis_us-gaap_AccumulatedOtherComprehensiveIncomeMember,-17400000,OtherComprehensiveIncomeLossForeignCurrencyTransactionAndTranslationAdjustmentNetOfTax
FD2018Q3QTD,-13600000,OtherComprehensiveIncomeLossForeignCurrencyTransactionAndTranslationAdjustmentNetOfTax
FD2018Q3QTD_us-gaap_StatementEquityComponentsAxis_us-gaap_AccumulatedOtherComprehensiveIncomeMember,-13600000,OtherComprehensiveIncomeLossForeignCurrencyTransactionAndTranslationAdjustmentNetOfTax
FD2018Q3YTD,-66200000,OtherComprehensiveIncomeLossForeignCurrencyTransactionAndTranslationAdjustmentNetOfTax
FD2017Q3YTD,113200000,OtherDepreciationAndAmortization
FD2018Q3YTD,97400000,OtherDepreciationAndAmortization
FI2017Q3,103400000,OtherLiabilitiesNoncurrent
FI2017Q4,88600000,OtherLiabilitiesNoncurrent
FI2018Q3,78500000,OtherLiabilitiesNoncurrent
FD2017Q3YTD,27600000,OtherOperatingActivitiesCashFlowStatement
FD2018Q3YTD,37600000,OtherOperatingActivitiesCashFlowStatement
FD2017Q3YTD,-1400000,PaymentsForProceedsFromOtherInvestingActivities
FD2018Q3YTD,300000,PaymentsForProceedsFromOtherInvestingActivities
FD2017Q3YTD,22000000,PaymentsForRepurchaseOfCommonStock
FD2018Q3YTD,0,PaymentsForRepurchaseOfCommonStock
FD2017Q3YTD,116700000,PaymentsOfDividends
FD2018Q3YTD,118700000,PaymentsOfDividends
D2017Q3FirstEarnoutPayment,20000000,PaymentsOfMergerRelatedCostsFinancingActivities
FD2017Q3YTD,3400000,PaymentsRelatedToTaxWithholdingForShareBasedCompensation
FD2018Q3YTD,5100000,PaymentsRelatedToTaxWithholdingForShareBasedCompensation
FD2017Q3YTD,8500000,PaymentsToAcquireBusinessesNetOfCashAcquired
FD2018Q3YTD,0,PaymentsToAcquireBusinessesNetOfCashAcquired
FD2017Q3YTD,85600000,PaymentsToAcquirePropertyPlantAndEquipment
FD2018Q3YTD,65900000,PaymentsToAcquirePropertyPlantAndEquipment
FI2017Q3,198000000,PrepaidExpenseAndOtherAssetsCurrent
FI2017Q4,124900000,PrepaidExpenseAndOtherAssetsCurrent
FI2018Q3,157700000,PrepaidExpenseAndOtherAssetsCurrent
D2017Q1Kong_us-gaap_CashAndCashEquivalentsAxis_gme_RestrictedCashMember_us-gaap_IncomeStatementBalanceSheetAndAdditionalDisclosuresByDisposalGroupsIncludingDiscontinuedOperationsAxis_gme_KongregateMember,3500000,ProceedsFromDivestitureOfBusinesses
D2017Q1Kong_us-gaap_CashAndCashEquivalentsAxis_gme_UnrestrictedAndRestrictedMember_us-gaap_IncomeStatementBalanceSheetAndAdditionalDisclosuresByDisposalGroupsIncludingDiscontinuedOperationsAxis_gme_KongregateMember,54700000,ProceedsFromDivestitureOfBusinesses
D2018Q3SpringSale_gme_BrandNameAxis_gme_SpringMobileMember_us-gaap_DisposalGroupClassificationAxis_us-gaap_DisposalGroupNotDiscontinuedOperationsMember_us-gaap_SubsequentEventTypeAxis_us-gaap_SubsequentEventMember,700000000,ProceedsFromDivestitureOfBusinesses
FD2017Q3YTD,54700000,ProceedsFromDivestitureOfBusinesses
FD2017Q3YTD_us-gaap_IncomeStatementBalanceSheetAndAdditionalDisclosuresByDisposalGroupsIncludingDiscontinuedOperationsAxis_gme_KongregateMember,7300000,ProceedsFromDivestitureOfBusinesses
FD2018Q3YTD,0,ProceedsFromDivestitureOfBusinesses
FD2017Q3YTD,373000000,ProceedsFromLinesOfCredit
FD2018Q3YTD,154000000,ProceedsFromLinesOfCredit
FD2017Q1QTD,59000000,ProfitLoss
FD2017Q1QTD_us-gaap_StatementEquityComponentsAxis_us-gaap_RetainedEarningsMember,59000000,ProfitLoss
FD2017Q2QTD,22200000,ProfitLoss
FD2017Q2QTD_us-gaap_StatementEquityComponentsAxis_us-gaap_RetainedEarningsMember,22200000,ProfitLoss
FD2017Q3QTD,59400000,ProfitLoss
FD2017Q3QTD_us-gaap_StatementEquityComponentsAxis_us-gaap_RetainedEarningsMember,59400000,ProfitLoss
FD2017Q3YTD,140600000,ProfitLoss
FD2018Q1QTD,28200000,ProfitLoss
FD2018Q1QTD_us-gaap_StatementEquityComponentsAxis_us-gaap_RetainedEarningsMember,28200000,ProfitLoss
FD2018Q2QTD,-24900000,ProfitLoss
FD2018Q2QTD_us-gaap_StatementEquityComponentsAxis_us-gaap_RetainedEarningsMember,-24900000,ProfitLoss
FD2018Q3QTD,-488600000,ProfitLoss
FD2018Q3QTD_us-gaap_StatementEquityComponentsAxis_us-gaap_RetainedEarningsMember,-488600000,ProfitLoss
FD2018Q3YTD,-485300000,ProfitLoss
FI2017Q3,1758800000,PropertyPlantAndEquipmentGross
FI2017Q4,1763200000,PropertyPlantAndEquipmentGross
FI2018Q3,1705800000,PropertyPlantAndEquipmentGross
FI2017Q3,457900000,PropertyPlantAndEquipmentNet
FI2017Q4,433200000,PropertyPlantAndEquipmentNet
FI2018Q3,393500000,PropertyPlantAndEquipmentNet
FI2017Q3,195800000,ReceivablesNetCurrent
FI2017Q4,182700000,ReceivablesNetCurrent
FI2018Q3,157500000,ReceivablesNetCurrent
FD2017Q3YTD,373000000,RepaymentsOfLinesOfCredit
FD2018Q3YTD,154000000,RepaymentsOfLinesOfCredit
FI2017Q3,0,RestrictedCashAndCashEquivalentsAtCarryingValue
FI2017Q4,0,RestrictedCashAndCashEquivalentsAtCarryingValue
FI2018Q3,2700000,RestrictedCashAndCashEquivalentsAtCarryingValue
FI2017Q3,13700000,RestrictedCashAndCashEquivalentsNoncurrent
FI2017Q4,14900000,RestrictedCashAndCashEquivalentsNoncurrent
FI2018Q3,15000000,RestrictedCashAndCashEquivalentsNoncurrent
FI2017Q3,13700000,RestrictedCashNoncurrent
FI2017Q4,14900000,RestrictedCashNoncurrent
FI2018Q3,12300000,RestrictedCashNoncurrent
FI2017Q3,2325100000,RetainedEarningsAccumulatedDeficit
FI2017Q4,2180100000,RetainedEarningsAccumulatedDeficit
FI2018Q3,1589200000,RetainedEarningsAccumulatedDeficit
FI2018Q3_us-gaap_InitialApplicationPeriodCumulativeEffectTransitionAxis_us-gaap_CalculatedUnderRevenueGuidanceInEffectBeforeTopic606Member,1575000000,RetainedEarningsAccumulatedDeficit
FI2018Q3_us-gaap_InitialApplicationPeriodCumulativeEffectTransitionAxis_us-gaap_DifferenceBetweenRevenueGuidanceInEffectBeforeAndAfterTopic606Member,14200000,RetainedEarningsAccumulatedDeficit
FD2017Q3QTD,1988600000,RevenueFromContractWithCustomerExcludingAssessedTax
FD2017Q3QTD_us-gaap_ProductOrServiceAxis_gme_AllOtherMember,64500000,RevenueFromContractWithCustomerExcludingAssessedTax
FD2017Q3QTD_us-gaap_ProductOrServiceAxis_gme_CollectiblesMember,138400000,RevenueFromContractWithCustomerExcludingAssessedTax
FD2017Q3QTD_us-gaap_ProductOrServiceAxis_gme_DigitalMember,37200000,RevenueFromContractWithCustomerExcludingAssessedTax
FD2017Q3QTD_us-gaap_ProductOrServiceAxis_gme_NewVideoGameHardwareMember,309500000,RevenueFromContractWithCustomerExcludingAssessedTax
FD2017Q3QTD_us-gaap_ProductOrServiceAxis_gme_NewVideoGameSoftwareMember,649900000,RevenueFromContractWithCustomerExcludingAssessedTax
FD2017Q3QTD_us-gaap_ProductOrServiceAxis_gme_PreOwnedVideoGameProductsMember,458500000,RevenueFromContractWithCustomerExcludingAssessedTax
FD2017Q3QTD_us-gaap_ProductOrServiceAxis_gme_TechnologyBrandsMember,194200000,RevenueFromContractWithCustomerExcludingAssessedTax
FD2017Q3QTD_us-gaap_ProductOrServiceAxis_gme_VideoGameAccessoriesMember,136400000,RevenueFromContractWithCustomerExcludingAssessedTax
FD2017Q3YTD,5722100000,RevenueFromContractWithCustomerExcludingAssessedTax
FD2017Q3YTD_us-gaap_ProductOrServiceAxis_gme_AllOtherMember,204400000,RevenueFromContractWithCustomerExcludingAssessedTax
FD2017Q3YTD_us-gaap_ProductOrServiceAxis_gme_CollectiblesMember,375400000,RevenueFromContractWithCustomerExcludingAssessedTax
FD2017Q3YTD_us-gaap_ProductOrServiceAxis_gme_DigitalMember,127800000,RevenueFromContractWithCustomerExcludingAssessedTax
FD2017Q3YTD_us-gaap_ProductOrServiceAxis_gme_NewVideoGameHardwareMember,947800000,RevenueFromContractWithCustomerExcludingAssessedTax
FD2017Q3YTD_us-gaap_ProductOrServiceAxis_gme_NewVideoGameSoftwareMember,1539700000,RevenueFromContractWithCustomerExcludingAssessedTax
FD2017Q3YTD_us-gaap_ProductOrServiceAxis_gme_PreOwnedVideoGameProductsMember,1486500000,RevenueFromContractWithCustomerExcludingAssessedTax
FD2017Q3YTD_us-gaap_ProductOrServiceAxis_gme_TechnologyBrandsMember,583900000,RevenueFromContractWithCustomerExcludingAssessedTax
FD2017Q3YTD_us-gaap_ProductOrServiceAxis_gme_VideoGameAccessoriesMember,456600000,RevenueFromContractWithCustomerExcludingAssessedTax
FD2018Q3QTD,2084400000,RevenueFromContractWithCustomerExcludingAssessedTax
FD2018Q3QTD_us-gaap_ProductOrServiceAxis_gme_AllOtherMember,65900000,RevenueFromContractWithCustomerExcludingAssessedTax
FD2018Q3QTD_us-gaap_ProductOrServiceAxis_gme_CollectiblesMember,154600000,RevenueFromContractWithCustomerExcludingAssessedTax
FD2018Q3QTD_us-gaap_ProductOrServiceAxis_gme_DigitalMember,45400000,RevenueFromContractWithCustomerExcludingAssessedTax
FD2018Q3QTD_us-gaap_ProductOrServiceAxis_gme_NewVideoGameHardwareMember,349000000,RevenueFromContractWithCustomerExcludingAssessedTax
FD2018Q3QTD_us-gaap_ProductOrServiceAxis_gme_NewVideoGameSoftwareMember,720700000,RevenueFromContractWithCustomerExcludingAssessedTax
FD2018Q3QTD_us-gaap_ProductOrServiceAxis_gme_PreOwnedVideoGameProductsMember,396900000,RevenueFromContractWithCustomerExcludingAssessedTax
FD2018Q3QTD_us-gaap_ProductOrServiceAxis_gme_TechnologyBrandsMember,171100000,RevenueFromContractWithCustomerExcludingAssessedTax
FD2018Q3QTD_us-gaap_ProductOrServiceAxis_gme_VideoGameAccessoriesMember,180800000,RevenueFromContractWithCustomerExcludingAssessedTax
FD2018Q3YTD,5665100000,RevenueFromContractWithCustomerExcludingAssessedTax
FD2018Q3YTD_us-gaap_ProductOrServiceAxis_gme_AllOtherMember,182100000,RevenueFromContractWithCustomerExcludingAssessedTax
FD2018Q3YTD_us-gaap_ProductOrServiceAxis_gme_CollectiblesMember,438700000,RevenueFromContractWithCustomerExcludingAssessedTax
FD2018Q3YTD_us-gaap_ProductOrServiceAxis_gme_DigitalMember,128600000,RevenueFromContractWithCustomerExcludingAssessedTax
FD2018Q3YTD_us-gaap_ProductOrServiceAxis_gme_NewVideoGameHardwareMember,1006500000,RevenueFromContractWithCustomerExcludingAssessedTax
FD2018Q3YTD_us-gaap_ProductOrServiceAxis_gme_NewVideoGameSoftwareMember,1488300000,RevenueFromContractWithCustomerExcludingAssessedTax
FD2018Q3YTD_us-gaap_ProductOrServiceAxis_gme_PreOwnedVideoGameProductsMember,1344700000,RevenueFromContractWithCustomerExcludingAssessedTax
FD2018Q3YTD_us-gaap_ProductOrServiceAxis_gme_TechnologyBrandsMember,509000000,RevenueFromContractWithCustomerExcludingAssessedTax
FD2018Q3YTD_us-gaap_ProductOrServiceAxis_gme_VideoGameAccessoriesMember,567200000,RevenueFromContractWithCustomerExcludingAssessedTax
FD2017Q3QTD,1988600000,SalesRevenueGoodsNet
FD2017Q3QTD_us-gaap_StatementBusinessSegmentsAxis_gme_TechnologyBrandsMember,194200000,SalesRevenueGoodsNet
FD2017Q3QTD_us-gaap_StatementBusinessSegmentsAxis_gme_VideoGameBrandsAustraliaMember_us-gaap_StatementGeographicalAxis_gme_AustraliaAndNewZealandMember,156200000,SalesRevenueGoodsNet
FD2017Q3QTD_us-gaap_StatementBusinessSegmentsAxis_gme_VideoGameBrandsCanadaMember_us-gaap_StatementGeographicalAxis_country_CA,97100000,SalesRevenueGoodsNet
FD2017Q3QTD_us-gaap_StatementBusinessSegmentsAxis_gme_VideoGameBrandsEuropeMember_us-gaap_StatementGeographicalAxis_us-gaap_EuropeMember,353100000,SalesRevenueGoodsNet
FD2017Q3QTD_us-gaap_StatementBusinessSegmentsAxis_gme_VideoGameBrandsUnitedStatesMember_us-gaap_StatementGeographicalAxis_country_US,1188000000,SalesRevenueGoodsNet
FD2017Q3YTD,5722100000,SalesRevenueGoodsNet
FD2017Q3YTD_us-gaap_StatementBusinessSegmentsAxis_gme_TechnologyBrandsMember,583900000,SalesRevenueGoodsNet
FD2017Q3YTD_us-gaap_StatementBusinessSegmentsAxis_gme_VideoGameBrandsAustraliaMember_us-gaap_StatementGeographicalAxis_gme_AustraliaAndNewZealandMember,438200000,SalesRevenueGoodsNet
FD2017Q3YTD_us-gaap_StatementBusinessSegmentsAxis_gme_VideoGameBrandsCanadaMember_us-gaap_StatementGeographicalAxis_country_CA,256900000,SalesRevenueGoodsNet
FD2017Q3YTD_us-gaap_StatementBusinessSegmentsAxis_gme_VideoGameBrandsEuropeMember_us-gaap_StatementGeographicalAxis_us-gaap_EuropeMember,897800000,SalesRevenueGoodsNet
FD2017Q3YTD_us-gaap_StatementBusinessSegmentsAxis_gme_VideoGameBrandsUnitedStatesMember_us-gaap_StatementGeographicalAxis_country_US,3545300000,SalesRevenueGoodsNet
FD2018Q3QTD,2084400000,SalesRevenueGoodsNet
FD2018Q3QTD_us-gaap_InitialApplicationPeriodCumulativeEffectTransitionAxis_us-gaap_CalculatedUnderRevenueGuidanceInEffectBeforeTopic606Member,2078400000,SalesRevenueGoodsNet
FD2018Q3QTD_us-gaap_InitialApplicationPeriodCumulativeEffectTransitionAxis_us-gaap_DifferenceBetweenRevenueGuidanceInEffectBeforeAndAfterTopic606Member,6000000,SalesRevenueGoodsNet
FD2018Q3QTD_us-gaap_StatementBusinessSegmentsAxis_gme_TechnologyBrandsMember,171100000,SalesRevenueGoodsNet
FD2018Q3QTD_us-gaap_StatementBusinessSegmentsAxis_gme_VideoGameBrandsAustraliaMember_us-gaap_StatementGeographicalAxis_gme_AustraliaAndNewZealandMember,147400000,SalesRevenueGoodsNet
FD2018Q3QTD_us-gaap_StatementBusinessSegmentsAxis_gme_VideoGameBrandsCanadaMember_us-gaap_StatementGeographicalAxis_country_CA,107000000,SalesRevenueGoodsNet
FD2018Q3QTD_us-gaap_StatementBusinessSegmentsAxis_gme_VideoGameBrandsEuropeMember_us-gaap_StatementGeographicalAxis_us-gaap_EuropeMember,354600000,SalesRevenueGoodsNet
FD2018Q3QTD_us-gaap_StatementBusinessSegmentsAxis_gme_VideoGameBrandsUnitedStatesMember_us-gaap_StatementGeographicalAxis_country_US,1304300000,SalesRevenueGoodsNet
FD2018Q3YTD,5665100000,SalesRevenueGoodsNet
FD2018Q3YTD_us-gaap_InitialApplicationPeriodCumulativeEffectTransitionAxis_us-gaap_CalculatedUnderRevenueGuidanceInEffectBeforeTopic606Member,5647200000,SalesRevenueGoodsNet
FD2018Q3YTD_us-gaap_InitialApplicationPeriodCumulativeEffectTransitionAxis_us-gaap_DifferenceBetweenRevenueGuidanceInEffectBeforeAndAfterTopic606Member,17900000,SalesRevenueGoodsNet
FD2018Q3YTD_us-gaap_StatementBusinessSegmentsAxis_gme_TechnologyBrandsMember,509000000,SalesRevenueGoodsNet
FD2018Q3YTD_us-gaap_StatementBusinessSegmentsAxis_gme_VideoGameBrandsAustraliaMember_us-gaap_StatementGeographicalAxis_gme_AustraliaAndNewZealandMember,405900000,SalesRevenueGoodsNet
FD2018Q3YTD_us-gaap_StatementBusinessSegmentsAxis_gme_VideoGameBrandsCanadaMember_us-gaap_StatementGeographicalAxis_country_CA,263400000,SalesRevenueGoodsNet
FD2018Q3YTD_us-gaap_StatementBusinessSegmentsAxis_gme_VideoGameBrandsEuropeMember_us-gaap_StatementGeographicalAxis_us-gaap_EuropeMember,891900000,SalesRevenueGoodsNet
FD2018Q3YTD_us-gaap_StatementBusinessSegmentsAxis_gme_VideoGameBrandsUnitedStatesMember_us-gaap_StatementGeographicalAxis_country_US,3594900000,SalesRevenueGoodsNet
FD2018Q3YTD_us-gaap_StatementBusinessSegmentsAxis_us-gaap_IntersegmentEliminationMember,0,SalesRevenueGoodsNet
FD2017Q3QTD,565100000,SellingGeneralAndAdministrativeExpense
FD2017Q3YTD,1671000000,SellingGeneralAndAdministrativeExpense
FD2018Q3QTD,566600000,SellingGeneralAndAdministrativeExpense
FD2018Q3YTD,1675000000,SellingGeneralAndAdministrativeExpense
FD2017Q3YTD,16200000,ShareBasedCompensation
FD2018Q3YTD,12800000,ShareBasedCompensation
FI2016Q4_us-gaap_StatementEquityComponentsAxis_us-gaap_CommonStockMember,101000000,SharesOutstanding
FI2017Q1_us-gaap_StatementEquityComponentsAxis_us-gaap_CommonStockMember,101300000,SharesOutstanding
FI2017Q2_us-gaap_StatementEquityComponentsAxis_us-gaap_CommonStockMember,101300000,SharesOutstanding
FI2017Q3_us-gaap_StatementEquityComponentsAxis_us-gaap_CommonStockMember,101300000,SharesOutstanding
FI2017Q4_us-gaap_StatementEquityComponentsAxis_us-gaap_CommonStockMember,101300000,SharesOutstanding
FI2018Q1_us-gaap_StatementEquityComponentsAxis_us-gaap_CommonStockMember,101900000,SharesOutstanding
FI2018Q2_us-gaap_StatementEquityComponentsAxis_us-gaap_CommonStockMember,101900000,SharesOutstanding
FI2018Q3_us-gaap_StatementEquityComponentsAxis_us-gaap_CommonStockMember,102000000,SharesOutstanding
FD2017Q1QTD_us-gaap_StatementEquityComponentsAxis_us-gaap_CommonStockMember,300000,StockIssuedDuringPeriodSharesShareBasedCompensation
FD2018Q1QTD_us-gaap_StatementEquityComponentsAxis_us-gaap_CommonStockMember,600000,StockIssuedDuringPeriodSharesShareBasedCompensation
FD2018Q3QTD_us-gaap_StatementEquityComponentsAxis_us-gaap_CommonStockMember,100000,StockIssuedDuringPeriodSharesShareBasedCompensation
FD2017Q1QTD,-3300000,StockIssuedDuringPeriodValueShareBasedCompensation
FD2017Q1QTD_us-gaap_StatementEquityComponentsAxis_us-gaap_AdditionalPaidInCapitalMember,-3300000,StockIssuedDuringPeriodValueShareBasedCompensation
FD2017Q3QTD,-100000,StockIssuedDuringPeriodValueShareBasedCompensation
FD2017Q3QTD_us-gaap_StatementEquityComponentsAxis_us-gaap_AdditionalPaidInCapitalMember,-100000,StockIssuedDuringPeriodValueShareBasedCompensation
FD2018Q1QTD,-4200000,StockIssuedDuringPeriodValueShareBasedCompensation
FD2018Q1QTD_us-gaap_StatementEquityComponentsAxis_us-gaap_AdditionalPaidInCapitalMember,-4200000,StockIssuedDuringPeriodValueShareBasedCompensation
FD2018Q3QTD,-900000,StockIssuedDuringPeriodValueShareBasedCompensation
FD2018Q3QTD_us-gaap_StatementEquityComponentsAxis_us-gaap_AdditionalPaidInCapitalMember,-900000,StockIssuedDuringPeriodValueShareBasedCompensation
FI2016Q4,2254100000,StockholdersEquityIncludingPortionAttributableToNoncontrollingInterest
FI2016Q4_us-gaap_StatementEquityComponentsAxis_us-gaap_AccumulatedOtherComprehensiveIncomeMember,-47300000,StockholdersEquityIncludingPortionAttributableToNoncontrollingInterest
FI2016Q4_us-gaap_StatementEquityComponentsAxis_us-gaap_AdditionalPaidInCapitalMember,0,StockholdersEquityIncludingPortionAttributableToNoncontrollingInterest
FI2016Q4_us-gaap_StatementEquityComponentsAxis_us-gaap_CommonStockMember,100000,StockholdersEquityIncludingPortionAttributableToNoncontrollingInterest
FI2016Q4_us-gaap_StatementEquityComponentsAxis_us-gaap_RetainedEarningsMember,2301300000,StockholdersEquityIncludingPortionAttributableToNoncontrollingInterest
FI2017Q1,2268900000,StockholdersEquityIncludingPortionAttributableToNoncontrollingInterest
FI2017Q1_us-gaap_StatementEquityComponentsAxis_us-gaap_AccumulatedOtherComprehensiveIncomeMember,-55500000,StockholdersEquityIncludingPortionAttributableToNoncontrollingInterest
FI2017Q1_us-gaap_StatementEquityComponentsAxis_us-gaap_AdditionalPaidInCapitalMember,2600000,StockholdersEquityIncludingPortionAttributableToNoncontrollingInterest
FI2017Q1_us-gaap_StatementEquityComponentsAxis_us-gaap_CommonStockMember,100000,StockholdersEquityIncludingPortionAttributableToNoncontrollingInterest
FI2017Q1_us-gaap_StatementEquityComponentsAxis_us-gaap_RetainedEarningsMember,2321700000,StockholdersEquityIncludingPortionAttributableToNoncontrollingInterest
FI2017Q2,2311700000,StockholdersEquityIncludingPortionAttributableToNoncontrollingInterest
FI2017Q2_us-gaap_StatementEquityComponentsAxis_us-gaap_AccumulatedOtherComprehensiveIncomeMember,-1100000,StockholdersEquityIncludingPortionAttributableToNoncontrollingInterest
FI2017Q2_us-gaap_StatementEquityComponentsAxis_us-gaap_AdditionalPaidInCapitalMember,7900000,StockholdersEquityIncludingPortionAttributableToNoncontrollingInterest
FI2017Q2_us-gaap_StatementEquityComponentsAxis_us-gaap_CommonStockMember,100000,StockholdersEquityIncludingPortionAttributableToNoncontrollingInterest
FI2017Q2_us-gaap_StatementEquityComponentsAxis_us-gaap_RetainedEarningsMember,2304800000,StockholdersEquityIncludingPortionAttributableToNoncontrollingInterest
FI2017Q3,2313700000,StockholdersEquityIncludingPortionAttributableToNoncontrollingInterest
FI2017Q3_us-gaap_StatementEquityComponentsAxis_us-gaap_AccumulatedOtherComprehensiveIncomeMember,-24300000,StockholdersEquityIncludingPortionAttributableToNoncontrollingInterest
FI2017Q3_us-gaap_StatementEquityComponentsAxis_us-gaap_AdditionalPaidInCapitalMember,12800000,StockholdersEquityIncludingPortionAttributableToNoncontrollingInterest
FI2017Q3_us-gaap_StatementEquityComponentsAxis_us-gaap_CommonStockMember,100000,StockholdersEquityIncludingPortionAttributableToNoncontrollingInterest
FI2017Q3_us-gaap_StatementEquityComponentsAxis_us-gaap_RetainedEarningsMember,2325100000,StockholdersEquityIncludingPortionAttributableToNoncontrollingInterest
FI2017Q4,2214500000,StockholdersEquityIncludingPortionAttributableToNoncontrollingInterest
FI2017Q4_us-gaap_StatementEquityComponentsAxis_us-gaap_AccumulatedOtherComprehensiveIncomeMember,12200000,StockholdersEquityIncludingPortionAttributableToNoncontrollingInterest
FI2017Q4_us-gaap_StatementEquityComponentsAxis_us-gaap_AdditionalPaidInCapitalMember,22100000,StockholdersEquityIncludingPortionAttributableToNoncontrollingInterest
FI2017Q4_us-gaap_StatementEquityComponentsAxis_us-gaap_CommonStockMember,100000,StockholdersEquityIncludingPortionAttributableToNoncontrollingInterest
FI2017Q4_us-gaap_StatementEquityComponentsAxis_us-gaap_RetainedEarningsMember,2180100000,StockholdersEquityIncludingPortionAttributableToNoncontrollingInterest
FI2018Q1,2183500000,StockholdersEquityIncludingPortionAttributableToNoncontrollingInterest
FI2018Q1_us-gaap_StatementEquityComponentsAxis_us-gaap_AccumulatedOtherComprehensiveIncomeMember,-23000000,StockholdersEquityIncludingPortionAttributableToNoncontrollingInterest
FI2018Q1_us-gaap_StatementEquityComponentsAxis_us-gaap_AdditionalPaidInCapitalMember,25500000,StockholdersEquityIncludingPortionAttributableToNoncontrollingInterest
FI2018Q1_us-gaap_StatementEquityComponentsAxis_us-gaap_CommonStockMember,100000,StockholdersEquityIncludingPortionAttributableToNoncontrollingInterest
FI2018Q1_us-gaap_StatementEquityComponentsAxis_us-gaap_RetainedEarningsMember,2180900000,StockholdersEquityIncludingPortionAttributableToNoncontrollingInterest
FI2018Q2,2104200000,StockholdersEquityIncludingPortionAttributableToNoncontrollingInterest
FI2018Q2_us-gaap_StatementEquityComponentsAxis_us-gaap_AccumulatedOtherComprehensiveIncomeMember,-40400000,StockholdersEquityIncludingPortionAttributableToNoncontrollingInterest
FI2018Q2_us-gaap_StatementEquityComponentsAxis_us-gaap_AdditionalPaidInCapitalMember,27500000,StockholdersEquityIncludingPortionAttributableToNoncontrollingInterest
FI2018Q2_us-gaap_StatementEquityComponentsAxis_us-gaap_CommonStockMember,100000,StockholdersEquityIncludingPortionAttributableToNoncontrollingInterest
FI2018Q2_us-gaap_StatementEquityComponentsAxis_us-gaap_RetainedEarningsMember,2117000000,StockholdersEquityIncludingPortionAttributableToNoncontrollingInterest
FI2018Q3,1565100000,StockholdersEquityIncludingPortionAttributableToNoncontrollingInterest
FI2018Q3_us-gaap_InitialApplicationPeriodCumulativeEffectTransitionAxis_us-gaap_CalculatedUnderRevenueGuidanceInEffectBeforeTopic606Member,1550900000,StockholdersEquityIncludingPortionAttributableToNoncontrollingInterest
FI2018Q3_us-gaap_InitialApplicationPeriodCumulativeEffectTransitionAxis_us-gaap_DifferenceBetweenRevenueGuidanceInEffectBeforeAndAfterTopic606Member,14200000,StockholdersEquityIncludingPortionAttributableToNoncontrollingInterest
FI2018Q3_us-gaap_StatementEquityComponentsAxis_us-gaap_AccumulatedOtherComprehensiveIncomeMember,-54000000,StockholdersEquityIncludingPortionAttributableToNoncontrollingInterest
FI2018Q3_us-gaap_StatementEquityComponentsAxis_us-gaap_AdditionalPaidInCapitalMember,29800000,StockholdersEquityIncludingPortionAttributableToNoncontrollingInterest
FI2018Q3_us-gaap_StatementEquityComponentsAxis_us-gaap_CommonStockMember,100000,StockholdersEquityIncludingPortionAttributableToNoncontrollingInterest
FI2018Q3_us-gaap_StatementEquityComponentsAxis_us-gaap_RetainedEarningsMember,1589200000,StockholdersEquityIncludingPortionAttributableToNoncontrollingInterest
FD2017Q3QTD,0,WeightedAverageNumberDilutedSharesOutstandingAdjustment
FD2017Q3YTD,100000,WeightedAverageNumberDilutedSharesOutstandingAdjustment
FD2018Q3QTD,0,WeightedAverageNumberDilutedSharesOutstandingAdjustment
FD2018Q3YTD,0,WeightedAverageNumberDilutedSharesOutstandingAdjustment
FD2017Q3QTD,101500000,WeightedAverageNumberOfDilutedSharesOutstanding
FD2017Q3YTD,101500000,WeightedAverageNumberOfDilutedSharesOutstanding
FD2018Q3QTD,102200000,WeightedAverageNumberOfDilutedSharesOutstanding
FD2018Q3YTD,102000000,WeightedAverageNumberOfDilutedSharesOutstanding
FD2017Q3QTD,101500000,WeightedAverageNumberOfSharesOutstandingBasic
FD2017Q3YTD,101400000,WeightedAverageNumberOfSharesOutstandingBasic
FD2018Q3QTD,102200000,WeightedAverageNumberOfSharesOutstandingBasic
FD2018Q3YTD,102000000,WeightedAverageNumberOfSharesOutstandingBasic
